ID_EMPRESA,accesos_2022,porcentaje,porcentaje_cumulativo
COMUNICACION CELULAR S A COMCEL S A,3242542,0.38226,0.38226
UNE EPM TELECOMUNICACIONES S.A.,1776438,0.20942,0.59168
COLOMBIA TELECOMUNICACIONES S.A. E.S.P.,1230778,0.14509,0.73678
EMPRESA DE TELECOMUNICACIONES DE BOGOTA S.A. ESP,684980,0.08075,0.81753
DIRECTV COLOMBIA LTDA,158141,0.01864,0.83617
EDATEL S.A.,152522,0.01798,0.85415
H V TELEVISION S.A.S.,107767,0.01270,0.86686
EMPRESAS MUNICIPALES DE CALI EICE E.S.P,100706,0.01187,0.87873
DIALNET DE COLOMBIA S.A   ESP.,60674,0.00715,0.88588
LEGON TELECOMUNICACIONES S.A.S.,57560,0.00679,0.89267
RURALINK S.A.S,41083,0.00484,0.89751
COLOMBIA MAS TV SAS,33925,0.00400,0.90151
HUGHES DE COLOMBIA S.A.S.,33828,0.00399,0.90550
CONEXION DIGITAL EXPRESS SAS,21156,0.00249,0.90799
EME S.A.,20934,0.00247,0.91046
CELSIA COLOMBIA S.A. E.S.P.,20839,0.00246,0.91291
AZTECA COMUNICACIONES COLOMBIA S.A.S,18226,0.00215,0.91506
CABLEMAS S.A.S,17427,0.00205,0.91712
FIESTA TELECOMUNICACIONES SAS,17093,0.00202,0.91913
CONEXIONES TECNOLOGICAS Y COMUNICACION SAS,15632,0.00184,0.92098
TV SANV SAS,14292,0.00168,0.92266
INSITEL S.A.S.,13851,0.00163,0.92429
SUPERREDES SAS,12404,0.00146,0.92576
SP SISTEMAS PALACIOS LTDA.,12056,0.00142,0.92718
SISTEMAS AVANZADOS EN TELECOMUNICACIONES S.A.S,11776,0.00139,0.92857
VELONET S.A.S,11145,0.00131,0.92988
FIBERLINKNETWORKS S.A.S,10193,0.00120,0.93108
LOGISTICA INTEGRAL SATELITAL S.A.S.,10107,0.00119,0.93227
TV COLOMBIA DIGITAL SAS,8973,0.00106,0.93333
EMPRESA DE TELECOMUNICACIONES DE POPAYAN S.A EMTEL E.S.P,8739,0.00103,0.93436
TIRIAN TELECOMUNICACIONES S.A.S.,7534,0.00089,0.93525
TPE COMUNICACIONES COLOMBIA SAS,7455,0.00088,0.93613
UNICABLE H.D. SAS,7115,0.00084,0.93697
GARDEN TECHNOLOGY SAS,7083,0.00084,0.93780
CABLETAME S A S,5783,0.00068,0.93848
ERT SA ESP,5733,0.00068,0.93916
EVERNET S.A.S.,5698,0.00067,0.93983
HS NETWORKS SAS,5477,0.00065,0.94048
TV&MÁS S.A.S,5456,0.00064,0.94112
BETEL SOLUCIONES S.A.S.,5364,0.00063,0.94175
TUCABLE S.A.S.,5311,0.00063,0.94238
COLOMBIATEL TELECOMUNICACIONES S.A.S.,5195,0.00061,0.94299
CABLE Y TV  YOPAL S.A.S. INTERNET INALAMBRICO,5021,0.00059,0.94358
SINERGY SOLUCIONES INTEGRALES S.A.S,4886,0.00058,0.94416
INVERSIONES ZULUAGA SEJIN S.A.S.,4602,0.00054,0.94470
CORPORACION ANTENA PARABOLICA GALAXIA EL PEÑOL,4524,0.00053,0.94523
AVIDTEL E.U.,4500,0.00053,0.94576
AMERICANA DE TECNOLOGIA Y COMUNICACIONES SAS,4455,0.00053,0.94629
FUTURE SOLUTIONS DEVELOPMENT S.A.S.,4376,0.00052,0.94681
CABLELINEA S.A.S.,4361,0.00051,0.94732
ATENEA TELECOMUNICACIONES S.A.S.,4152,0.00049,0.94781
SOMOS NETWORKS COLOMBIA S.A.S. BIC,4102,0.00048,0.94829
IP TECHNOLOGIES SAS,3956,0.00047,0.94876
COMUNICACIONES Y SERVICIOS BRIYOVI S.A.S.,3938,0.00046,0.94922
C & C VISION S.A.S.,3898,0.00046,0.94968
COOPERATIVA DE SERVICIOS PUBLICOS SONSON LTDA SERVICOOPS E.S.P.,3861,0.00046,0.95014
KALU DE COLOMBIA SAS,3686,0.00043,0.95057
ASONET COLOMBIA LTDA,3665,0.00043,0.95100
VISION SATELITAL COMUNICACIONES S.A.S.,3626,0.00043,0.95143
CLICKHD,3622,0.00043,0.95186
SUPERFIBRAS COLOMBIA SAS,3600,0.00042,0.95228
INTER T.V. S.A.S,3586,0.00042,0.95271
INTERLANS S.A.S.,3573,0.00042,0.95313
CABLE Y TELECOMUNICACIONES DE COLOMBIA S.A.S. CABLETELCO,3571,0.00042,0.95355
WIRELESS COLOMBIA S.A.S.,3468,0.00041,0.95396
IFX NETWORKS COLOMBIA S.A.S.,3370,0.00040,0.95435
CONECTIC TELECOMUNICACIONES S.A.S,3358,0.00040,0.95475
WALIX S.A.S.,3249,0.00038,0.95513
GENIONET TELECOMUNICACIONES SAS,3042,0.00036,0.95549
SPACE COMUNICACIONES S.A.S.,2988,0.00035,0.95584
BITOL S.A.S,2978,0.00035,0.95620
ASOCIACION COMUNITARIA PARABOLICA GRANADA,2973,0.00035,0.95655
TUNORTETV TELECOMUNICACIONES S.A.S,2887,0.00034,0.95689
VESGA TELECOMUNICACIONES SAS,2835,0.00033,0.95722
PROMOTORA DE TELEVISION. INTERNET Y COMUNICACIONES SAS,2799,0.00033,0.95755
BOR - CONEXIONES S A S,2789,0.00033,0.95788
COMSSET COMUNICACIONES SAS,2776,0.00033,0.95821
CAM NETWORK SOLUCIONES S.A.S,2697,0.00032,0.95852
FORERO & CIA COMUNICACIONES S.A.S.,2676,0.00032,0.95884
SYSTEL COMUNICACIONES CARTAGO S.A.S.,2601,0.00031,0.95915
SERVYCOM COLOMBIA SAS,2464,0.00029,0.95944
ALK NET LTDA,2462,0.00029,0.95973
BARAK TECNOLOGIA INFORMACION Y COMUNICACIONES SAS,2461,0.00029,0.96002
GRUPO UNO TELECOMUNICACIONES SAS,2376,0.00028,0.96030
MECATRONICS INGENIERIA Y SOLUCIONES S.A.S.,2366,0.00028,0.96058
UNIMOS EMPRESA MINICIPAL DE TELECOMUNICACIONES DE IPIALES S.A. E.S.P.,2365,0.00028,0.96086
SUPERACTIVA S.A.S.,2313,0.00027,0.96113
SERVICIOS INTEGRALES TELECOMUNICACIONES SAS,2269,0.00027,0.96140
HOME TV COMUNICACIONES S.A.S.,2257,0.00027,0.96166
ASISTENCIA COMUNICACIONES S.A.S,2256,0.00027,0.96193
MAX TV SAS,2228,0.00026,0.96219
CENTURYLINK COLOMBIA S.A.,2204,0.00026,0.96245
CABLE SAS,2201,0.00026,0.96271
TECH SYSTEM PLUS TELECOMUNICACIONES SAS,2190,0.00026,0.96297
NET2COM SAS,2179,0.00026,0.96322
SERVISYSTEN SAS,2147,0.00025,0.96348
COCOM S.A.S,2063,0.00024,0.96372
AXESAT S.A.,2043,0.00024,0.96396
TV ISLA LTDA,2033,0.00024,0.96420
ORIENTE MÍO TELECOMUNICACIONES S.A.S ZOMAC,2030,0.00024,0.96444
LA CORPORACION PRO ACODEMA,2029,0.00024,0.96468
DIFUDATOS S A S,2026,0.00024,0.96492
MIRAVISION S.A.S,1992,0.00023,0.96515
RED PLANET TELECOMUNICACIONES SAS,1987,0.00023,0.96539
COMUNICACIONES REDES Y ENLACES SAS,1986,0.00023,0.96562
CONECTTIC S A S,1965,0.00023,0.96585
TELNET ISP S.A.S.,1955,0.00023,0.96608
LOGISTICA EN TELECOMUNICACIONES S.A.S.,1896,0.00022,0.96631
CENTRAL DE SERVICIOS DIGITALES S.A.S.,1894,0.00022,0.96653
COMPAÑIA LATINOAMERICANA DE SOFTWARE SAS - LASC SAS,1877,0.00022,0.96675
WISP TELECOMUNICACIONES SAS,1874,0.00022,0.96697
ZumaComunicacionesdeColombiaSA,1830,0.00022,0.96719
UFINET COLOMBIA S.A,1821,0.00021,0.96740
A Y A RADIOCOMUNICACIONES S.A.S.,1800,0.00021,0.96762
GLOBAL PLAY SAS,1795,0.00021,0.96783
INTELCOM CALI SAS,1753,0.00021,0.96803
GB NET TV SAS,1703,0.00020,0.96823
CABLE NET CUCUTA SAS,1702,0.00020,0.96844
HIZ TELECOMUNICACIONES S.A.S,1693,0.00020,0.96863
ALFASURT TV CABLE SAS.,1682,0.00020,0.96883
ARNO PRODUCCIONES S.A.S,1678,0.00020,0.96903
MAS NET S.A.S,1674,0.00020,0.96923
COMPAÑIA INTEGRAL DE RECURSOS EN TELECOMUNICACIONES SAS,1671,0.00020,0.96943
PCNET.COM S.A.S,1627,0.00019,0.96962
ESG COMUNICACIONES S.A.S,1621,0.00019,0.96981
REDNET GROUP S.A.S,1616,0.00019,0.97000
M&M INVERSIONES MORENO S.A.S,1614,0.00019,0.97019
INZANET SAS,1614,0.00019,0.97038
FCF COMUNICACIONES S.A.S.,1612,0.00019,0.97057
ISPA TELECOMUNICACIONES S.A.S,1596,0.00019,0.97076
 INTERNET Y TELEVISIÓN DE COLOMBIA SOCIEDAD POR ACCIONES SIMPLIFICADA,1593,0.00019,0.97095
SUPER WOW COLOMBIA S.A.S.,1551,0.00018,0.97113
ASOCIACION COMUNITARIA DE TELECOMUNICACIONES,1546,0.00018,0.97131
INTERTEL SATELITAL S.A.S,1543,0.00018,0.97149
AROS COMUNICACIONES LIMITADA,1494,0.00018,0.97167
GLOBALTRONIK S.A.S,1467,0.00017,0.97184
CABLENETBAG S.A.S,1439,0.00017,0.97201
PSI TELECOMUNICACIONES DE COLO,1427,0.00017,0.97218
Proveedor de Telecomunicaciones SAS,1422,0.00017,0.97235
VOJ NETWORK CORP S.A.S,1387,0.00016,0.97251
MEGANET TV S.A.S,1384,0.00016,0.97267
INVERSA S.A.S,1369,0.00016,0.97283
CONECTANDO FRONTERAS S.A.S,1360,0.00016,0.97300
JHON JAIRO MESA MESA E INGENIEROS ASOCIADOS SAS  JJMMELECTRONICS S.A.S.,1354,0.00016,0.97315
DIGITVNET S.A.S,1352,0.00016,0.97331
INTESOGAMOSO COMUNICACIONES S.A.S,1352,0.00016,0.97347
TV GAITAN TELECOMUNICACIONES S.A.S,1345,0.00016,0.97363
ENLAZAR COMUNICACIONES S.A.S,1342,0.00016,0.97379
NETWORK DAT@LINK S.A.S.,1332,0.00016,0.97395
DESARROLLOS Y REDES S.A.S.,1331,0.00016,0.97410
REDES INTERACTIVAS GROUP SAS,1318,0.00016,0.97426
COOPERATIVA MULTIACTIVA LA CUMBRE,1316,0.00016,0.97441
CONEXION R&G S.A.S.,1313,0.00015,0.97457
INVERSIONES GERIOS S.A.S.,1312,0.00015,0.97472
CORPORACION DE COPROPIETARIOS DE LA SEÑAL PARABOLICA DE ABEJORRAL COSPABE,1297,0.00015,0.97488
FIBRANETPLUS S.A.S.,1294,0.00015,0.97503
JASTANET SAS,1277,0.00015,0.97518
INTERNET Y TELECOMUNICACIONES DE COLOMBIA S.A.S.,1268,0.00015,0.97533
UHF COMUNICACIONES SAS,1238,0.00015,0.97548
ACCESS DIGITAL S.A.S,1215,0.00014,0.97562
INTERYA S.A.S,1214,0.00014,0.97576
INGEMTEL S.A.S,1213,0.00014,0.97590
GLOBALWIFI SAS,1213,0.00014,0.97605
CORPORACION DE TELECOMUNICACIONES MARIALABAJA,1188,0.00014,0.97619
SMART INVERSIONES & CONSTRUCCIONES INTELIGENTES,1178,0.00014,0.97633
ASOCIACIÓN ANTENA PARABÓLICA DEL SOCORRO,1173,0.00014,0.97647
CLICK-CONECTIVIDAD SIN FRONTERAS S.A.S,1163,0.00014,0.97660
TV CABLE EL CENTRO SAS,1156,0.00014,0.97674
INTERCOMM DE NARIÑO SAS,1129,0.00013,0.97687
IP RED LTDA.,1109,0.00013,0.97700
L.C COMUNICACIONES E U,1108,0.00013,0.97713
CONEXION TOTAL DE OCCIDENTE S.A.S,1094,0.00013,0.97726
OPTILINK SAS,1092,0.00013,0.97739
WISPER COMUNICACIONES S.A.S.,1090,0.00013,0.97752
"SOCIEDAD DE TELEVISION, MERCADEOS Y TELECOMUNICACIONES S.A.S",1078,0.00013,0.97765
ENTER TELECOMUNICACIONES BANDA ANCHA SAS,1076,0.00013,0.97777
ASOCIACION DE TELEVISION TELEBOYACA,1073,0.00013,0.97790
CABLE EXPRESS DE COLOMBIA LTDA,1071,0.00013,0.97803
TEKCOM TECNOLOGIA Y COMUNICACIONES SAS,1070,0.00013,0.97815
EDCOM TELECOMUNICACIONES S.A.S.,1070,0.00013,0.97828
WEBEX S.A.S,1070,0.00013,0.97840
COMPAÑIA COLOMBIANA DE TELECOMUNICACIONES SAS,1066,0.00013,0.97853
B GROUP INGENIERIA S.A.S,1063,0.00013,0.97866
CAFETEL TV SAS,1058,0.00012,0.97878
TELEPROMTV SAS,1052,0.00012,0.97890
SYK SOLUCIONES SAS,1050,0.00012,0.97903
UBIPREL S.A.S,1044,0.00012,0.97915
REGIONAL DE SERVICIOS DE TELECOMUNICACIONES ZOMAC S.A.S,1043,0.00012,0.97927
BITS PLAY S.A.S.,1028,0.00012,0.97940
OV TV TELECOMUNICACIONES SAS,1020,0.00012,0.97952
SOL CABLE VISION S. A. S. - E. S. P.,1016,0.00012,0.97964
ASOCIACION COMUNITARIA DE TELEVISION POR CABLE ACOTV SIMIJACA,1002,0.00012,0.97975
TELECOMUNICACIONES FACILRED S.A.S.,999,0.00012,0.97987
DIUFF.NET TELECOMUNICACIONES SAS,988,0.00012,0.97999
TORNET COMUNICACIONES S.A.S,986,0.00012,0.98010
CABLEFUTURO TV S.A.S,986,0.00012,0.98022
DANHER REDES Y SERVICIOS S.A.S.,973,0.00011,0.98033
GRUPO COLIBRI S.A.S,969,0.00011,0.98045
NANO TECNOLOGY S.A.S.,962,0.00011,0.98056
ASOCIACION TELEVISION DE SUPIA CALDAS,962,0.00011,0.98068
SILCOM TELECOMUNICACIONES S.A.S.,956,0.00011,0.98079
JHS INTERNET S.A.S,955,0.00011,0.98090
MEDIAWIRE TELECOMUNICACIONES S.A.S,955,0.00011,0.98101
CONEXXION WI-FI LTDA,948,0.00011,0.98113
REDES TV SAT S.A.S,938,0.00011,0.98124
HM TELECOMUNICACIONES DEL CAUCA SAS,934,0.00011,0.98135
SUNNOVA SAS,930,0.00011,0.98146
CABLE NET UNIVERSAT S.A.S,927,0.00011,0.98156
VPN INGENIERÍA EN TELECOMUNICACIONES S.A.S.,926,0.00011,0.98167
TURBO REDES TELECOMUNICACIONES S.A.S.,921,0.00011,0.98178
TELECOMUNICACIONES DEL SAN JORGE Y LA MOJANA SAS,910,0.00011,0.98189
VIVO TELECOMUNICACIONES S.A.S.,910,0.00011,0.98200
TELEMATICS NETWORK SAS,902,0.00011,0.98210
SERKOI SERVICIOS DE CONECTIVIDAD INALAMBRICA SAS,898,0.00011,0.98221
RADIONET SOLUCIONES S.A.,896,0.00011,0.98232
LINK GROUP TELECOMUNICACIONES S.A.S,895,0.00011,0.98242
IMALLI COMUNICACIONES SAS,895,0.00011,0.98253
NETWORKS INTERCONNECTED BY EXPERTS COMUNICACIONES S.A.S,888,0.00010,0.98263
WIFI ALTERNATIVO VALLE S.A.S,869,0.00010,0.98273
SISTELME SAS,869,0.00010,0.98284
SYSTEMS AND COMMUNICATIONS S.A.S. - SYSCOM TECNOLOGIA S.A.S.,868,0.00010,0.98294
CR.ISP TELECOMUNICATION PROVIDER S.A.S.,867,0.00010,0.98304
NEIA SAS,857,0.00010,0.98314
HOLA WE DIGITAL S.A.S,843,0.00010,0.98324
VALLE TELECOMUNICACIONES SAS,840,0.00010,0.98334
MEG@NET TVCOMUNICACIONES S.A.S,839,0.00010,0.98344
CONNECT TELECOMUNICACIONES SAS,831,0.00010,0.98354
TECNOLOGIAS MERCATECH S.A.S,829,0.00010,0.98363
CNC DEL MAR S.A.S E.S.P,828,0.00010,0.98373
MEGA TV C&J S.A.S,828,0.00010,0.98383
FIBRANET SAS,812,0.00010,0.98393
JOHN JOTA COMUNICACIONES SAS,812,0.00010,0.98402
INTERMEGAMUNDO PARTNERS SAS,805,0.00009,0.98412
GTEL TELECOMUNICACIONES S.A.S.,803,0.00009,0.98421
EMPRESA DE SERVICIOS INALAMBRICOS Y TELECOMUNICACIONES - EMSITEL LTDA.,803,0.00009,0.98431
BIOS INGENIERIA S.A.S,800,0.00009,0.98440
RADIO FRECUENCIA COMUNICACIONES S A S,797,0.00009,0.98449
CSSI TELECOMUNICACIONES SAS,792,0.00009,0.98459
GLOBALNET INGENIERIA SAS,791,0.00009,0.98468
INTER REDES DEL MAGDALENA SAS,780,0.00009,0.98477
HYDRA SOLUCIONES EMPRESARIALES INGENIERIA SAS,779,0.00009,0.98486
TIERRANET S.A.S.,778,0.00009,0.98496
STARNET.NET S.A.S.,777,0.00009,0.98505
EMPRESA PRESTADORA DE SERVICIOS DE INTERNET Y TELEVISION SUR DE BOLIVAR S.A.S.,767,0.00009,0.98514
CABLE YUMA SAS,765,0.00009,0.98523
ENIGMA IMCT SAS,759,0.00009,0.98532
IMPORIENTE SOLUCIONES GLOBALES S.A.S,757,0.00009,0.98541
DIGICOMS SAS,757,0.00009,0.98550
JEFFERSON AFE S.A.S,752,0.00009,0.98558
TOP LINK S.A.S,750,0.00009,0.98567
STRATEGIC TECHNOLOGICAL DE COLOMBIA LTDA,741,0.00009,0.98576
ISP PROVEEDOR DE SERVICIOS DE INTERNET S.A.S,740,0.00009,0.98585
CORPORACION CIVICA PROGRESAR,736,0.00009,0.98593
SANEST SAS,736,0.00009,0.98602
SERVICIOS PUNTO AZUL COMUNICACIONES S.A.S.,736,0.00009,0.98611
SINERGIA SOLUTIONS S.A.S.,735,0.00009,0.98619
CYD COMUNICACIONES SAS,735,0.00009,0.98628
CORPORACION ANTENA PARABOLICA DE GUATAPE CORPAGUA,734,0.00009,0.98637
ITELKOM S.A.S.,729,0.00009,0.98645
SERVIYA.NET S.A.S,729,0.00009,0.98654
CALLTOPBX S.A.S.,725,0.00009,0.98662
SERVIRED LMA COMUNICACIONES SAS,724,0.00009,0.98671
DATA-TELC COMUNICACIONES SAS,723,0.00009,0.98680
CONSULNETWORKS S.A. E.S.P.,722,0.00009,0.98688
CONECTA COMUNICACIONES SAS,719,0.00008,0.98697
ASOCIACION ANTENA PARABOLICA AMAGA,719,0.00008,0.98705
SKYNET DE COLOMBIA S.A.S. E.S.P,717,0.00008,0.98713
CAFENET COMUNICACIONES S.A. CAFENET S.A.,713,0.00008,0.98722
AJ GLOBAL PROYECTOS NET S.A.S.,712,0.00008,0.98730
SITELINKS SAS,710,0.00008,0.98739
COMPUSEB SOLUTIONS SAS,705,0.00008,0.98747
GPM ELECTROCOM S.A.S.,700,0.00008,0.98755
INFRACOM INFRAESTRUCTURA EN TELECOMUNICACIONES S.A.S,699,0.00008,0.98763
ALTITUD STUDIOS S A S,695,0.00008,0.98772
SYSNETWORK NETSA SAS,693,0.00008,0.98780
EASYNET GROUP S.A.S,686,0.00008,0.98788
RURAL NET TELECOMUNICACIONES S.A.S,685,0.00008,0.98796
REDESMAS.NET S.A.S,683,0.00008,0.98804
PROVINET TELECOMUNICACIONES SAS,682,0.00008,0.98812
TOKIO DEL PACIFICO S.A.S,676,0.00008,0.98820
MEGARED COMUNICACIONES S.A.S.,670,0.00008,0.98828
AFCV COMUNICACIONES SAS,669,0.00008,0.98836
SEPCOM COMUNICACIONES SAS,667,0.00008,0.98844
ZABUD TECHNOLOGIES S.A.S,664,0.00008,0.98851
OSEGUTV SAS,652,0.00008,0.98859
COLTEG COMUNICACIONES S.A.S,648,0.00008,0.98867
INGENIERIA GPON TV S.A.S,648,0.00008,0.98874
REDES OPERACIONES Y CONTROL S A S,646,0.00008,0.98882
TELECOMUNICACIONES DEL CATATUMBO S.A.S.,640,0.00008,0.98890
COLOMBIA NET DE OCCIDENTE S.A.S.,640,0.00008,0.98897
ELEMEING S.A.S,632,0.00007,0.98905
TEVECOM SAS,631,0.00007,0.98912
COMITE DE USUARIOS DE ANTENA PARABOLICA DE COGUA (CUAPAC),624,0.00007,0.98919
FABRIMETAL ARROYAVE S.A.S.,624,0.00007,0.98927
GMARTEL SOLUCIONES INTEGRALES Y TELECOMUNICACIONES S.A.S,621,0.00007,0.98934
"ATYCO - ASESORIAS, TECNOLOGIA Y COMUNICACIONES S.A.S",612,0.00007,0.98941
EMPRESA DE TELECOMUNICACIONES DE PALMIRA ETP S.A.S.,609,0.00007,0.98948
CARIBETECH S.A.S.,608,0.00007,0.98956
SISTEMAS COMPUTARIZADOS DEL HUILA S.A.S.,603,0.00007,0.98963
TV MAR COMUNICACIONES S.A.S.,601,0.00007,0.98970
INTERED COLOMBIA S.A.S,600,0.00007,0.98977
IMB INGENIERIA EN REDES SAS,599,0.00007,0.98984
CORPORACION CIVICA ESTACION COMUNITARIA DE TELEVISION PERLA DEL TATAMA,599,0.00007,0.98991
TUNET-WORK S.A.S.,596,0.00007,0.98998
LOGYCABLE S.A.S.,583,0.00007,0.99005
FAST NET COMUNICACIONES ISP SAS,583,0.00007,0.99012
ORION COMUNICACIONES CHOACHI SAS,581,0.00007,0.99019
CYDETEL TELECOMUNICACIONES SAS,577,0.00007,0.99025
CABLENET DEL SUR TELECOMUNICACIONES SAS,575,0.00007,0.99032
MEGA FIBRA SAS,573,0.00007,0.99039
TV MOJANA S.A.S,570,0.00007,0.99046
SERVICONECTION SAS,569,0.00007,0.99052
CAMPOCOM SAS,565,0.00007,0.99059
ASOCIACION ANTENA PARABOLICA COMUNITARIA DEL MUNICIPIO DE COCORNA ANTEPACO,559,0.00007,0.99066
CITYNET ISP SAS,558,0.00007,0.99072
SOLUCIONES INTEGRALES EN TECNOLOGIA Y SEGURIDAD COMPUSEG S.A.S,556,0.00007,0.99079
SERVICIOS SMAI GROUP S.A.S.,555,0.00007,0.99085
WANBRIDGE SAS,553,0.00007,0.99092
SERVICIOS INTEGRALES DE TELECOMUNICACIONES TURISMO ENERGIA Y CONSTRUCCION SERVIT,553,0.00007,0.99098
GAME INC,549,0.00006,0.99105
GRUPO SERVINET S.A.S.,543,0.00006,0.99111
GTD COLOMBIA S.A.S.,541,0.00006,0.99118
MEGACABLE TELECOMUNICACIONES S.A.S,534,0.00006,0.99124
WILGOM TELECOMUNICACIONES SAS,525,0.00006,0.99130
INTER FIBRA SAS E.S.P.,520,0.00006,0.99136
INVERSIONES Y COMUNICACIONES R.M. SAS,519,0.00006,0.99142
ASOCIACION DE COPROPIETARIOS DE LA ANTENA PARABOLICA DE GACHANCIPA,517,0.00006,0.99148
MEGANET TELECOMUNICACIONES S.A.S,516,0.00006,0.99155
SECO S.A.S.,516,0.00006,0.99161
FJC TELECOMUNICACIONES SAS,513,0.00006,0.99167
MARTZFIBRA S.A.S,510,0.00006,0.99173
TELENET DATOS.NET S.A.S,506,0.00006,0.99179
ASOCIACION DE ANTENA PARABOLICA  COMUNITARIA SIN ANIMO DE LUCRO SAN ROQUE,505,0.00006,0.99185
INFRATEL COMUNICACIONES SAS,504,0.00006,0.99191
COOPERATIVA MULTIACTIVA DE BORRERO AYERBE,500,0.00006,0.99196
ASOCIACION DE COPROPIETARIOS DE TELEVISION COMUNITARIA DE LA UNION - VALLE UNITV,498,0.00006,0.99202
ASOCIACION SAMANIEGUENSE DE TELEVISION POR CABLE ASOTVCABLE,495,0.00006,0.99208
NETSLINK S.A.S,490,0.00006,0.99214
RAM-NETWORK S.A.S,490,0.00006,0.99220
ASOCIACION CIVICA ANTENA PARABOLICA AGUADAS,483,0.00006,0.99225
REDES DIGITALES SAN CARLOS SAS,483,0.00006,0.99231
GENESIS DATA LTDA,481,0.00006,0.99237
K & L COMUNICACIONES HATO S.A.S,480,0.00006,0.99242
ZABUD NET S.A.S.,476,0.00006,0.99248
AJFIBER.NET S.A.S.,474,0.00006,0.99254
ACERDI SOLUCIONES INTELIGENTE S.A.S,470,0.00006,0.99259
YESTCOBE COMUNICACIONES SAS,468,0.00006,0.99265
ANTNET COMUNICACIONES S.A.S.,467,0.00006,0.99270
SERVICIOS Y SOLUCIONES EN TECNOLOGIAS DE LA INFORMACION Y LA COMUNICACION S.A.S,465,0.00005,0.99276
WISP INTEGRADORES S.A.S,464,0.00005,0.99281
OSPIREDES S.A.S,463,0.00005,0.99287
CLICK HD COLOMBIA S.A.S.,461,0.00005,0.99292
MEGASTORE GROUP TELECOMUNICACIONES SAS,457,0.00005,0.99297
CONNECTION TELECOMUNICACIONES ISP S.A.S,454,0.00005,0.99303
MCA TELECOMUNICACIONES SAS,454,0.00005,0.99308
TELNET DE OCCIDENTE S.A.S. ZOMAC,449,0.00005,0.99313
COVINET INGENIERIA SAS,448,0.00005,0.99319
CASA.NET S.A.S ZOMAC,447,0.00005,0.99324
ECOWIRELESS SAS,444,0.00005,0.99329
INTERMAX TELECOMUNICACIONES S.A.S,443,0.00005,0.99334
IP COMUNICACIONES DEL VALLE ZOMAC S.A.S,438,0.00005,0.99340
SINURED SOLUCIONES S.A.S.,434,0.00005,0.99345
IST INGENIERIA Y SOLUCIONES TECNOLOGICAS S.A.S,432,0.00005,0.99350
SOTO RED S.A.S.,431,0.00005,0.99355
TOTAL CONEXION 10D S.A.S,430,0.00005,0.99360
SUMERTEL COMUNICACIONES S.A.S.,428,0.00005,0.99365
G&C REDES S.A.S,427,0.00005,0.99370
INFINITELCOM SOLUCIONES S.A.S,422,0.00005,0.99375
TELECOMUNICACIONES E INTERNET DE COLOMBIA SAS,422,0.00005,0.99380
SOLUCIONES TECNOLOGICAS NUEVO MUNDO S.A.S,420,0.00005,0.99385
ASOCIACION COMUNITARIA ANTENA PARABOLICA SAN RAFAEL,420,0.00005,0.99390
TELARAÑA.NET S.A.S.,420,0.00005,0.99395
SOLUCIONES & COMUNICACIONES TICS SAS,419,0.00005,0.99400
COSMONET COMUNICACIONES COLOMBIA S.A.S.,416,0.00005,0.99405
KIRA ISP S.A.S.,416,0.00005,0.99410
UNICOM S.A.S.,414,0.00005,0.99414
PEDRO ALBERTO DELGADO REYES E.U.,409,0.00005,0.99419
IO SUPPLY S.A.S.,408,0.00005,0.99424
INTERNET AL CAMPO S.A.S.,405,0.00005,0.99429
DISTRICABLES LTDA,403,0.00005,0.99434
BIOCONEXION DIGITAL SAS,400,0.00005,0.99438
ENTRE RED CONECTANDO EXPERIENCIAS S.A.S,400,0.00005,0.99443
WIR TECNOLOGIA SAS,396,0.00005,0.99448
TURBOMAX TELECOMUNICACIONES S.A.S.,394,0.00005,0.99452
RED DIGITAL TELECOMUNICACIONES S.A.S.,390,0.00005,0.99457
PANDORA SOLUCIONES INFORMATICAS Y WIRELESS W.I.S.P S.A.S.,390,0.00005,0.99462
RM TELECOMUNICACIONES MOMPOS S.A.S,386,0.00005,0.99466
INTERCONETXIONES FTTH S.A.S,385,0.00005,0.99471
TELECOMUNICACIONES FACILRED FJM S.A.S. ZOMAC,384,0.00005,0.99475
INTERNORTE DIGITAL S.A.S.,382,0.00005,0.99480
LAN REDES S.A.S,380,0.00004,0.99484
CABLE HOGAR.NET S.A.S.,380,0.00004,0.99489
PEOPLE NET. TELECOMUNICACIONES Y TECNOLOGIA S.A.S,379,0.00004,0.99493
ORIENTE TELECOMUNICACIONES DE COLOMBIA SOCIEDAD POR ACCIONES SIMPLIFICADA,379,0.00004,0.99498
YTV COMUNICACIONES S.A.S,377,0.00004,0.99502
COMUNICACIONES MARFE SOCIEDAD POR ACCIONES SIMPLIFICADA,375,0.00004,0.99506
PRODITEL SAS,374,0.00004,0.99511
BARULE TELECOMUNICACIONES S.A.S.,362,0.00004,0.99515
IPCOM SISTEMAS S.A.S,362,0.00004,0.99519
QUALITY NET JM S.A.S. ZOMAC,358,0.00004,0.99524
ASOCIACION DE TELEVIDENTES DE GUACHETA,354,0.00004,0.99528
LIBRE COMUNICACIONES SAS,352,0.00004,0.99532
WIRELESS COMMUNICATIONS COLOMBIA S.A.S. - WIRLCOMM S.A.S.,348,0.00004,0.99536
INTERLOOP S.A.S,348,0.00004,0.99540
COMUNICACIONES ESTELARES DE COLOMBIA  S.A.S.,347,0.00004,0.99544
WINETS S.A.S.,344,0.00004,0.99548
SERVINET REDES Y SISTEMAS SAS ZOMAC,338,0.00004,0.99552
JERSAL TELECOMUNICACIONES S.A.S,338,0.00004,0.99556
ELECTRONICA Y TELECOMUNICACIONES DE COLOMBIA S. A. S. - ETELCO S. A. S.,336,0.00004,0.99560
C&C WIFI SAS,336,0.00004,0.99564
IDB FIBRA S.A.S,335,0.00004,0.99568
GLOBALNET I.S.P. SAS,327,0.00004,0.99572
FACIL COMUNICACIONES SAS,324,0.00004,0.99576
PRODUCTOS INFORMATICOS DE COLOMBIA - PIDECOL S.A.S.,324,0.00004,0.99580
OPTICLINE PLUS TELECOMUNICACIONES S.A.S.,324,0.00004,0.99583
EXODO 20 FIBRA OPTICA S.A.S.,324,0.00004,0.99587
SERVIREDES CALI SAS,323,0.00004,0.99591
CABLE NAR S.A.S.,320,0.00004,0.99595
HIGHTECH INGENIERIA Y TRANSPORTE,318,0.00004,0.99599
KONECTATE WISP S.A.S,316,0.00004,0.99602
RACOM S.A.S. REDES Y ASESORIAS EN COMUNICACIONES,315,0.00004,0.99606
MERNAHF SAS,311,0.00004,0.99610
NARENET S.A.S ZOMAC,311,0.00004,0.99613
GLOBAL WEB1 S.A.S,310,0.00004,0.99617
INTERNET ZAPATOCA SAS,307,0.00004,0.99621
WIDE GROUP S.A.S,305,0.00004,0.99624
OCCITEL TELECOMUNICACIONES SAS,298,0.00004,0.99628
G&C INGENIEROS SAS,295,0.00003,0.99631
INTERVID TELECOMUNICACIONES S.A.S.,295,0.00003,0.99635
ANTELNET COMUNICACIONES S.A.S.,295,0.00003,0.99638
CIBER-NET-ALIDAD SAS,293,0.00003,0.99642
WIFAO COLOMBIA S.A.S.,289,0.00003,0.99645
RED-DOOPLER SAS,289,0.00003,0.99648
@DIGITAL GROUP SAS,286,0.00003,0.99652
A&G MUNDO EN LINEA SAS,286,0.00003,0.99655
MIKROTECK S.A.S.,286,0.00003,0.99659
MEGARED DE COLOMBIA SAS,285,0.00003,0.99662
FIBRAWISP S.A.S,283,0.00003,0.99665
ENSOTEL S.A.S,283,0.00003,0.99669
DISTRIBUIDORA COMERCIALIZADORA Y LOGISTICA DCL S.A.S,277,0.00003,0.99672
VIBRARED TV COMUNICACIONES S.A.S.,270,0.00003,0.99675
AULAS DIGITALES DE COLOMBIA LTDA,269,0.00003,0.99678
ORGANIZACION DE COMUNICACIONES TELECARIBE S.A.S,267,0.00003,0.99681
CORPORACIÓN TELE CARIBE,267,0.00003,0.99684
MEGA PLUS SAS,266,0.00003,0.99688
GRUPO BELCOM DE COLOMBIA S A S,265,0.00003,0.99691
ASOCIACION DE TELEVIDENTES DE MANI,265,0.00003,0.99694
INTERURAL SAS,264,0.00003,0.99697
GEDCOM S.A.S,263,0.00003,0.99700
TECNOLOGIA EN COMUNICACIONES J & M S A S,262,0.00003,0.99703
RASER TELECOMUNICACIONES S.A.S.,258,0.00003,0.99706
OPTIMO NET SAS,256,0.00003,0.99709
VILLAWEB TELECOMUNICACIONES SAS,255,0.00003,0.99712
INTERCONECTY ISP S.A.S,250,0.00003,0.99715
ALIANZA SERVICIOS TECNOLOGICOS SAS,249,0.00003,0.99718
SERVICIOS Y SOLUCIONES TV S.A.S.,247,0.00003,0.99721
CABLE ANTENA LTDA,245,0.00003,0.99724
JHEDA COMUNICACIONES SAS,241,0.00003,0.99727
SANTELELLANO SAS,239,0.00003,0.99730
TELCAD DIGITAL TV COMUNICACIONES SAS,237,0.00003,0.99732
REDES.COM INTERNET BANDA ANCHA S.A.S,237,0.00003,0.99735
COMUNICACIONES S & H FIBER LINK S.A.S.,232,0.00003,0.99738
OSZANET TELECOMUNICACIONES SAS,229,0.00003,0.99741
ASOCIACION COMUNITARIA PARA EL DESARROLLO DE ANGELOPOLIS,225,0.00003,0.99743
CONÉCTATE TELECOMUNICACIONES S.A.S,221,0.00003,0.99746
WIFINET TELECOMUNICACIONES S.A.S,220,0.00003,0.99748
TECNO MELCON SAS,220,0.00003,0.99751
ATLAS NETWORK SAS,219,0.00003,0.99754
ON-LINE INGENIERIA S.A.S,219,0.00003,0.99756
REINA CONEXION S.A.S.,218,0.00003,0.99759
DICAR TELECOMUNICACIONES S.A.S.,217,0.00003,0.99761
TV ZONA BANANERA S.A.S,213,0.00003,0.99764
RIONEGRO TELECOMUNICACIONES S.A.S.,213,0.00003,0.99766
WIMCO INTERNET COLOMBIA SAS,211,0.00002,0.99769
VIP SERVICIOS INTELIGENTES S.A.S,211,0.00002,0.99771
T&T TECNOLOGIAS S.A.S ZOMAC,209,0.00002,0.99774
ZULDEMAYDA COMUNICACIONES,208,0.00002,0.99776
MILLENNIALS NETWORK S.A.S.,207,0.00002,0.99779
TECNOLOGIAS DEL VALLE S.A.S.,204,0.00002,0.99781
INTERLUNA S.A.S.,204,0.00002,0.99784
CISNEROS TELECOMUNICACIONES S.A.S,204,0.00002,0.99786
MEDIACAST BROADBAND SAS,204,0.00002,0.99788
FIBER NET COMUNICACIÓN SUPERIOR S.A.S,203,0.00002,0.99791
SOLUCIONES DIGITAL CONNECTIONS SAS,201,0.00002,0.99793
IT. TECHNOLOGY R&M S.A.S.,201,0.00002,0.99795
S3 SIMPLE SMART SPEEDY S.A.S.,200,0.00002,0.99798
ASOCIACION CONCEPCION TELECOMUNICACIONES,196,0.00002,0.99800
ID INTEGRACION DIGITAL SAS,195,0.00002,0.99802
SARDINATA NETWORKS SAS,191,0.00002,0.99805
CHATNET COMUNICACIONES SAS,191,0.00002,0.99807
JASZ COMUNICACIONES TECNOLOGICAS E INTERACTIVAS E U,190,0.00002,0.99809
INTER-LIND@ SAS,190,0.00002,0.99811
718 TRADING CO SAS,188,0.00002,0.99814
REDES Y TELECOMUNICACIONES INGENIERÍA SAS,186,0.00002,0.99816
SISTEMAS Y TELECOMUNICACIONES DEL CARIBE S.A.S,185,0.00002,0.99818
"INGENIERÍA EN MANTENIMIENTO Y MONTAJES DE REDES ELECTRICAS, DE COMUNICACIONES Y AUTOMATIZACIÓN SAS",184,0.00002,0.99820
ACERONETTV SOCIEDAD POR ACCIONES SIMPLIFICADA,184,0.00002,0.99822
SOLUCIONES DIGITALES.COM S.A.S,184,0.00002,0.99824
SMARTTOWN SAS,180,0.00002,0.99827
CORES COMUNICACIONES SAS,178,0.00002,0.99829
TIENDAS TECNOLÓGICAS MEGARED S.A.S ZOMAC,177,0.00002,0.99831
NET&COM LTDA.,177,0.00002,0.99833
WISP SUCRE S.A.S.,175,0.00002,0.99835
WIRETEL S.A.S.,173,0.00002,0.99837
NAVEGAMAS TELECOMUNICACIONES S.A.S.,172,0.00002,0.99839
SOTO NORTE DIGITAL S.A.S ZOMAC,172,0.00002,0.99841
MOVETV S.A.S.,170,0.00002,0.99843
RED DE INGENIERÍA SAS - INRED,169,0.00002,0.99845
POWERLINK SERVICES SAS,168,0.00002,0.99847
ELITE ON LINE SAS,166,0.00002,0.99849
MUNDO CAM S.A.S.,164,0.00002,0.99851
OSPINA COMUNICACIONES DE COLOMBIA S.A.S,163,0.00002,0.99853
CORPORACIÓN GUANEVISION T.V.,160,0.00002,0.99855
TERANET DE COLOMBIA S.A.S,160,0.00002,0.99857
WHOME WH SAS,160,0.00002,0.99858
SERVISKYNET TELECOMUNICACIONES S.A.S.,159,0.00002,0.99860
TV INTERR COMUNICACIONES S.A.S.,156,0.00002,0.99862
CONEXION WISP S.A.S,155,0.00002,0.99864
MAGOTEL WIMAX S.A.S.,155,0.00002,0.99866
WIFIMAX NETWORK S.A.S,154,0.00002,0.99868
LA RED.G TELECOMUNICACIONES S.A.S,153,0.00002,0.99869
SENCINET LATAM COLOMBIA S.A,153,0.00002,0.99871
FW TELECOMUNICACIONES ZOMAC S.A.S,153,0.00002,0.99873
ASIS OBRAS Y SERVICIOS S.A.S,148,0.00002,0.99875
TECOLRADIO TECNOLOGIA COLOMBIANA DE RADIO COMUNICACIONES E.U.,147,0.00002,0.99877
CONVERGENCIA DIGITAL S.A.S.,145,0.00002,0.99878
ISP FIBRA NET S.A.S.,142,0.00002,0.99880
CONECTA2 COLOMBIA S.A.S.,141,0.00002,0.99882
REMG INGENIERIA SAS,140,0.00002,0.99883
E-GPON TELECOMUNICACIONES S.A.S.,139,0.00002,0.99885
CONECTANDO ANDO SAS,136,0.00002,0.99887
ULTRANET CONEXIONES INALÁMBRICAS S.A.S.,135,0.00002,0.99888
COLOMBIACOM SAS,131,0.00002,0.99890
CABLE EXITO SAS,131,0.00002,0.99891
1NITEC S.A.S.,128,0.00002,0.99893
GPON TECHNOLOGY S.A.S,127,0.00001,0.99894
MAXTECHNOLOGY COMUNICACIONES S.A.S,126,0.00001,0.99896
TIKNETWORKS SAS,125,0.00001,0.99897
WILQUAY COMUNICACIONES 1973 S.A.S,123,0.00001,0.99899
FUNDACION VISION 20/20 COLOMBIA,123,0.00001,0.99900
ABIEL.NET SAS,120,0.00001,0.99901
IP COMUNICACIONES Y TECNOLOGIA S.A.S,120,0.00001,0.99903
CONREDES IM SAS,120,0.00001,0.99904
Empresa de Tecnología y Comunicaciones 7 S.A.S ZOMAC,116,0.00001,0.99906
LEVEL9 TELECOMUNICACIONES S.A.S,113,0.00001,0.99907
DRG-SOLUCIONES SAS,111,0.00001,0.99908
GRAFENO COMUNICACIONES S.A.S.,110,0.00001,0.99910
DSC TELECOMUNICACIONES S.A.S,110,0.00001,0.99911
DI. REDES Y COMUNICACIONES S.A.S,110,0.00001,0.99912
CABLE GUAJIRA LTDA,110,0.00001,0.99913
SOLUCIONES EN FIBRA OPTICA E INTERNET SOFI S.A.S,109,0.00001,0.99915
CORPORACION ANTENA PARABOLICA VECINOS DE LOS BARRIOS FRANCISCO ANTONIO ZEA Y AL,108,0.00001,0.99916
BIZNET S.A.S.,108,0.00001,0.99917
FLASHNET COMUNICACIONES S.A.S.,107,0.00001,0.99919
INTERCOM TELECOMMUNICATIONS SAS,106,0.00001,0.99920
INTERDAYK - TV. S.A.S.,105,0.00001,0.99921
CUNDINET WIRELESS S.A.S.,104,0.00001,0.99922
INTERNET FLASHNET S.A.S.,104,0.00001,0.99924
WISPER INTERNET INALAMBRICO S.A.S,103,0.00001,0.99925
MULTISERVICIOS DIAMANTE S.A.S,103,0.00001,0.99926
TUFIBRA GRUPO EMPRESARIAL S.A.S.,100,0.00001,0.99927
MY TELECOMUNICACIONES S.A.S,100,0.00001,0.99928
STREAMFAST S.A.S.,100,0.00001,0.99929
SERVIDATA ELECTRONIC SAS,96,0.00001,0.99931
ACTIVATE.WEB S.A.S,95,0.00001,0.99932
TELNEX S.A.S,94,0.00001,0.99933
NETBYTE SAS,94,0.00001,0.99934
REAL INNOVACION EN EL DESARROLLO TECNICO BARRANCABERMEJA SANTANDER S.A.S,93,0.00001,0.99935
MAZCSYSTEM COMUNICACIONES SAS,93,0.00001,0.99936
INTELNEXT SAS,91,0.00001,0.99937
HOLANET TELECOMUNICACIONES S.A.S,90,0.00001,0.99938
10COM SAS,89,0.00001,0.99939
G&A GRUPO EMPRESARIAL S.A.S,89,0.00001,0.99940
CABLEANTEL S.A.S.,88,0.00001,0.99941
SISTCO SISTEMAS Y COMUNICACIONES SAS,85,0.00001,0.99942
ZAFIRO TELECOMUNICACIONES SAS,81,0.00001,0.99943
EGA COMUNICACIONES S.A.S.,81,0.00001,0.99944
ASOCIACIÓN COMUNITARIA ALFATV,80,0.00001,0.99945
TESLANET SISTEMAS ELECTRICOS ELECTRONICOS Y TELECOMUNICACIONES S.A.S,80,0.00001,0.99946
NETTWINS S.A.S.,77,0.00001,0.99947
AIM CONNECT SAS,77,0.00001,0.99948
LEOWISP SAS,76,0.00001,0.99949
ASOCIACION DE COPROPIETARIOS DEL SISTEMA DE TELECOMUNICACIONES VILLAPINZON,76,0.00001,0.99950
CONECTATE A MI RED S.A.S.,75,0.00001,0.99951
KABLE NET J & J S.A.S.,72,0.00001,0.99952
POLINET TELECOMUNICACIONES COLOMBIA SAS,72,0.00001,0.99952
REDES DEL VALLE POR COLOMBIA S.A.S,71,0.00001,0.99953
MANAR.NET S.A.S.,71,0.00001,0.99954
MICEL COMUNICACIONES S.A.S,70,0.00001,0.99955
SERVICIOS INTEGRALES TC S.A.S,69,0.00001,0.99956
SMART.NET TELECOMUNICACIONES SAS,68,0.00001,0.99957
INVERSIONES BEDOYA RAMIREZ S.A.S.,67,0.00001,0.99957
MUNDO + S.A.S,66,0.00001,0.99958
MUNDOTIK S.A.S.,65,0.00001,0.99959
CLIK TELECOMUNICACIONES SAS,64,0.00001,0.99960
METRONET COLOMBIA SAS,64,0.00001,0.99960
U2RED S.A.S,64,0.00001,0.99961
CORPORACION ANTENA PARABOLICA BARRIO EL SALVADOR,63,0.00001,0.99962
INTERPROJECT COMUNICACIONES S.A.S.,62,0.00001,0.99963
SERVICTEK S.A.S,62,0.00001,0.99963
CPM SOLUCIONES INTEGRALES S. A. S.,62,0.00001,0.99964
NETWORK-TICS SAS,60,0.00001,0.99965
EJECOM TECNOLOGIA Y REDES DEL EJE CAFETERO S.A.S.,60,0.00001,0.99965
P & B COMUNICACIONES S.A.S.,60,0.00001,0.99966
INTERNETRURAL DEL VALLE S.A.S,59,0.00001,0.99967
CONECTATE CALI S.A.S,58,0.00001,0.99968
TEXEL GROUP S.A.S.,56,0.00001,0.99968
Intternauta SAS,55,0.00001,0.99969
EUTA ZOMAC S.A.S,54,0.00001,0.99970
PALSOTEL.NET S.A.S,53,0.00001,0.99970
FIBRANET SOLUCIONES SAS,52,0.00001,0.99971
MAX INTER FIBRA S.A.S.,52,0.00001,0.99971
OPITASENLINEA S.A.S.,52,0.00001,0.99972
SERVIRED COMUNICACIONES S.A.S,50,0.00001,0.99973
INTERNATIONAL SECURITY NETWORKS S.A.S,50,0.00001,0.99973
GRCOM.NET S.A.S,50,0.00001,0.99974
CYBERNET INTERNET RURAL S.A.S.,50,0.00001,0.99974
SINTEL WISP S.A.S,50,0.00001,0.99975
FX ONLINE S.A.S,49,0.00001,0.99975
SPACE INFINITE TESLA SAS,48,0.00001,0.99976
PUNTO-WAN S.A.S.,47,0.00001,0.99977
ARM TELECOMUNICACIONES SAS,46,0.00001,0.99977
SIENERCOM COLOMBIA SAS,45,0.00001,0.99978
TELENET DE COLOMBIA COMUNICACIONES SAS,44,0.00001,0.99978
C A RADIOCOMUNICACIONES E U,43,0.00001,0.99979
SISTEMA DE COMUNICACIONES SISTECOM S.A.S.,42,0.00000,0.99979
WIRELESS TECHNOLOGY SAS,42,0.00000,0.99980
COTV@S TELECOMUNICACIONES S.A.S,42,0.00000,0.99980
INGENIERIA E INFORMATICA EMPRESA ASOCIATIVA DE TRABAJO,41,0.00000,0.99981
DEAN WISP SAS,41,0.00000,0.99981
GER CONNECTION S.A.S,40,0.00000,0.99982
KERUV TELECOMUNICACIONES S.A.S,40,0.00000,0.99982
SERVICIOS PROFESIONALES WITEL SAS,39,0.00000,0.99983
VALLETVNET COMUNICACIONES S.A.S.,39,0.00000,0.99983
EASY NETWORKS S.A.S,39,0.00000,0.99983
AMO COMUNICACIONES S.A.S.,38,0.00000,0.99984
FIBERNEXT S.A.S,38,0.00000,0.99984
NEXT CONNECTION S.A.S,37,0.00000,0.99985
COMPUSOLUCIONES Y TELECOMUNICACIONES C&H SAS,37,0.00000,0.99985
OK COMUNICACIONES SERVICIOS DE INGENIERIA Y REDES SAS,36,0.00000,0.99986
INTRANET COMUNICACIONES Y SERVICIOS SAS,36,0.00000,0.99986
CABLEMAS PUERTO RICO S.A.S.,36,0.00000,0.99987
POWERLINK TELECOMUNICACIONES S.A.S,33,0.00000,0.99987
EXPRES SISTEMAS COMUNICACIONES SAS,32,0.00000,0.99987
COMPAÑIA DE TECNOLOGIAS DE LA INFORMACION Y LA COMUNICACION S.A.S.,32,0.00000,0.99988
INGETTEL LTDA,31,0.00000,0.99988
NEWLINE NETWORK DE COLOMBIA S.A.S,30,0.00000,0.99988
ORBETEC SAS,29,0.00000,0.99989
INVERSIONES Y COMUNICACIONES SATELITALES - INVERSAT S.A.S.,28,0.00000,0.99989
SOLINGWEB. NET S.A.S.,27,0.00000,0.99989
ANTENA DE TELEVISION YUMBO S.A.S,27,0.00000,0.99990
C & B TELECOMUNICACIONES SAS,27,0.00000,0.99990
TICLINE S.A.S.,26,0.00000,0.99990
GLOBENET CABOS SUBMARINOS COLOMBIA S.A.S.,26,0.00000,0.99991
AUFI S.A.S,25,0.00000,0.99991
INTER CONEXIONES R Y L S.A.S,24,0.00000,0.99991
RTC COMUNICACIONES S.A.S,24,0.00000,0.99991
MEGAHER S.A.S,24,0.00000,0.99992
REDECONES DE OCCIDENTE S.A.S.,23,0.00000,0.99992
INGENIERIA ELECTRONICA COLOMBIANA S A S,21,0.00000,0.99992
WINS SOLUCIONES SAS,20,0.00000,0.99993
TELCOBRAS S.A.S.,20,0.00000,0.99993
AT£T GLOBAL NETWORK SERVICES COLOMBIA LTDA.,20,0.00000,0.99993
INFORMACION Y TECNOLOGIA S.A.,20,0.00000,0.99993
ANS COMUNICACIONES LTDA,19,0.00000,0.99993
CABLETRONICS SAS,19,0.00000,0.99994
HYH COMUNICACIONES S.A.S,18,0.00000,0.99994
GALANET TELECOMUNICACIONES S.A.S.,16,0.00000,0.99994
BITCOM ISP S.A.S,16,0.00000,0.99994
EASY NETWORK REDES Y TELECOMUNICACIONES SAS,15,0.00000,0.99994
XPERTIC S.A.S.,15,0.00000,0.99995
ASOCIACION COMUNITARIA ANTENA PARABOLICA BAJO TIGUI,15,0.00000,0.99995
URBAN COMUNICACIONES S.A.S,15,0.00000,0.99995
ANDITEL S.A.S,15,0.00000,0.99995
RADIOCOMUNICACIONES HALCONES DE LA SABANA SOCIEDAD POR ACCIONES SIMPLIFICADA,15,0.00000,0.99995
REALTIC SOLUTION S.A.S.,15,0.00000,0.99996
TECNO REDES MULTISERVICIO S.A.S,14,0.00000,0.99996
S.A TELECOMUNICACIONES FINET S.A.S.,14,0.00000,0.99996
GLOBAL DE SERVICIOS COMPANY S.A.S,14,0.00000,0.99996
 GLOB@L SYSTEM WI FI,13,0.00000,0.99996
ENLACES.NET.HUILA SAS,12,0.00000,0.99996
GIG@RED TELECOMINICACIONES S.A.S,12,0.00000,0.99996
NEXO TELECOMUNICACIONES S.A.S.,12,0.00000,0.99997
JK. TELECOMUNICACIONES S.A.S ZOMAC,11,0.00000,0.99997
RURAL NET COMUNICACIONES S.A.S,11,0.00000,0.99997
VIVANET SAS,11,0.00000,0.99997
TIVIT COLOMBIA TERCERIZACION DE PROCESOS SERVICIOS Y TECNOLOGIA S.A.S,11,0.00000,0.99997
AMETRONIC COMUNICACIONES SAS,11,0.00000,0.99997
TELECOMUNICACIONES TECNOPUNTO S.A.S. ZOMAC,11,0.00000,0.99997
ISATEL TELECOMUNICACIONES S.A.S.,11,0.00000,0.99997
CONSULTORIA Y CONEXIONES S.A.S.,10,0.00000,0.99998
BT COLOMBIA LTDA.,10,0.00000,0.99998
DAC INGENIERIAS Y CONSULTORIAS S.A.S,10,0.00000,0.99998
QME V SOLUCIONES TECNOLOGICAS SAS,10,0.00000,0.99998
CONEX-REDES S.A.S,9,0.00000,0.99998
TECNOFUTURO 25 S.A.S,9,0.00000,0.99998
WEBNEXG S.A.S,9,0.00000,0.99998
PLUSNET SOLUCIONES TECNOLOGICAS S.A.S.,9,0.00000,0.99998
INVERSIONES JALMAR S.A.S,9,0.00000,0.99998
MY GLOBALMEK SOLUTIONS S.A.S,8,0.00000,0.99999
NOVARED T&S SAS,8,0.00000,0.99999
COMUNICACION Y TECNOLOGIA SAS,7,0.00000,0.99999
MV COMUNICACIONES DEL VALLE S.A.S,7,0.00000,0.99999
TIVIT COLOMBIA DC TERCERIZACION DE PROCESOS SERVICIOS Y TECNOLOGIA S.A.S,7,0.00000,0.99999
 SERVICIOS DE COMUNICACIONES INTEGRALES S.A.S,7,0.00000,0.99999
"SISTEMAS, TELECOMUNICACIONES & SEGURIDAD S.A.S",6,0.00000,0.99999
CONECTATE COMUNICACIONES DEL PACIFICO S.A.S,6,0.00000,0.99999
GESTIONAR COMUNICACIONES S.A.S.,6,0.00000,0.99999
ALNET TELECOMUNICACIONES S.A.S,6,0.00000,0.99999
RIONET.CO S.A.S,6,0.00000,0.99999
EMPRESA DE TELECOMUNICACIONES DE LA COSTA - COSTATEL S.A ESP,6,0.00000,0.99999
LINK TELECOMUNICACIONES S.A.S,5,0.00000,0.99999
FENIX SOLUTION WIRELESS S.A.S.,5,0.00000,1.00000
ELITE REDES & COMUNICACIONES SAS,5,0.00000,1.00000
GLOBAL CONNECTION TICS TICS S.A.S,4,0.00000,1.00000
EYON RV S.A.S,3,0.00000,1.00000
ISANET TELECOMUNICACIONES SAS,3,0.00000,1.00000
OPP TELECOMUNICACIONES S.A.S,3,0.00000,1.00000
FIVE BROTHERS S.A.S,3,0.00000,1.00000
RED UNO S.A,3,0.00000,1.00000
SERVICIOS Y TELECOMUNICACIONES DEL PACIFICO - SERTELPAC S.A.S ZOMAC,3,0.00000,1.00000
MORA COMUNICACIONES SAS,2,0.00000,1.00000
PUNTONET COMUNICACIONES SAS,2,0.00000,1.00000
SOPORTEC SOCIEDAD POR ACCIONES SIMPLIFICADA,2,0.00000,1.00000
STC COMUNICACIONES S. A. S.,2,0.00000,1.00000
REYMON CONEXIONES S.A.S ZOMAC,1,0.00000,1.00000
INVERSIONES RIASCOS CARDENAS SAS,1,0.00000,1.00000
INFINITICS S.A.S.,1,0.00000,1.00000
GIGANET TV S.A.S ZOMAC,0,0.00000,1.00000
NOVANET DIGITAL S.A.S,0,0.00000,1.00000
ACCESS POINT DE COLOMBIA S.A.S.,0,0.00000,1.00000
XIRIUX LTDA,0,0.00000,1.00000
AURICOM E.U.,0,0.00000,1.00000
THE NEW CONNECTION COMPANY S.A.S,0,0.00000,1.00000
DIRECTIBU S.A.S,0,0.00000,1.00000
DRAN DIGITAL S.A.S.,0,0.00000,1.00000
AIREDNET LTDA,0,0.00000,1.00000
TECNOSOLUCIONES DENAR S.A.S.,0,0.00000,1.00000
BUSTANET S.A.S,0,0.00000,1.00000
DISCOM SAS,0,0.00000,1.00000
SERVIWISP S.A.S,0,0.00000,1.00000
COGENT COLOMBIA S.A.S,0,0.00000,1.00000
CABLES Y MEDIOS S.A.S,0,0.00000,1.00000
JIGARTEL S.A.S.,0,0.00000,1.00000
CONSOLTIC S.A.S.,0,0.00000,1.00000
WN CONECTADOS.COM SAS,0,0.00000,1.00000
SOLUCIONES DE INGENIERIA E-VOLT TECK S.A.S,0,0.00000,1.00000
COMFLYTEL S.A.S.,0,0.00000,1.00000
SKYPRO SOLUCIONES Y CONECTIVIDAD SAS,0,0.00000,1.00000
NOVATEL COMUNICACIONES ISP ESP SAS,0,0.00000,1.00000
SUAZA UPEGUI JOHN FERNANDO,0,0.00000,1.00000
ENLINEA TELECOMUNICACIONES S.A.S.,0,0.00000,1.00000
TRIPLE NET SAS,0,0.00000,1.00000
REDECOM SOLUCIONES INTEGRALES EN REDES SAS,0,0.00000,1.00000
ENLACES JR SAS,0,0.00000,1.00000
MEGARED COLOMBIA CIA S.A.S,0,0.00000,1.00000
RAVTEL COMUNICACIONES,0,0.00000,1.00000
TUSMEGAS S.A.S.,0,0.00000,1.00000
RODRIGO CUSHCAGUA OYAGATA,0,0.00000,1.00000
NETWORKING INTERNET S.A.S,0,0.00000,1.00000
TICSCOM SAS,0,0.00000,1.00000
MAXCOMUNICACIONES S.A.S,0,0.00000,1.00000
HOSTDIME.COM.CO S.A.S.,0,0.00000,1.00000
YAPI S.A.S.,0,0.00000,1.00000
GRUPO PLUS INGENIERÍA S A S,0,0.00000,1.00000
FIBER PLAY ZOMAC S.A.S.,0,0.00000,1.00000
IDETEC SOLUCIONES S.A.S,0,0.00000,1.00000
INTERNET SOLUCIONES TECNOLOGICAS Y ADMINISTRACION DE REDES SAS,0,0.00000,1.00000
 SERVICE WELL NET S.A.S,0,0.00000,1.00000
TV UNIDOS J&G S.A.S.,0,0.00000,1.00000
UNIRED TELECOMUNICACIONES S.A.S,0,0.00000,1.00000
T&C COMUNICACIONES ANTIOQUIA S.A.S,0,0.00000,1.00000
"COLOMBIANA DE SERVICIOS PUBLICOS, SOCIEDAD ANONIMA SIMPLIFICADA, EMPRESA SER",0,0.00000,1.00000
CONETXIA S.A.S,0,0.00000,1.00000
ESPACIOS Y REDES SAS,0,0.00000,1.00000
SITIS SOLUCIONES INFORMATICAS INTEGRALES EN SALUD SAS,0,0.00000,1.00000
TECNOSERVICOM S.A.S.,0,0.00000,1.00000
INTER RED SAS,0,0.00000,1.00000
UFICOL SAS,0,0.00000,1.00000
ARTMAR MEGA BOSTON S.A.S,0,0.00000,1.00000
CONSULTORES EN TECNOLOGIAS DE LA INFORMACION SAS,0,0.00000,1.00000
INTERMAX INTERNET INALAMBRICO S.A.S,0,0.00000,1.00000
ROSA MARIA RUBIANO VICTORIA,0,0.00000,1.00000
EMPRESA DE ENERGIA DE CASANARE S.A. E.S.P.,0,0.00000,1.00000
INVERSIONES ACOSTA VERGARA S.A.S.,0,0.00000,1.00000
LEOTAU COMUNICACIONES S.A.S.,0,0.00000,1.00000
H&A TELECOMUNICACIONES S.A.S.,0,0.00000,1.00000
INTERPLAY ISP S.A.S,0,0.00000,1.00000
KONECTIC SAS,0,0.00000,1.00000
"CONSTRUCCION, GESTION, VELOCIDAD Y ESTRATEGIAS DE TELECOMUNICACIONES S.A.S",0,0.00000,1.00000
TELEDATA COLOMBIA S.A.S,0,0.00000,1.00000
REDES Y SEGURIDAD DE COLOMBIA S.A.S,0,0.00000,1.00000
VIRA TELECOMUNICACIONES S.A.S.,0,0.00000,1.00000
DIASCON INGENIERIA S.A.S,0,0.00000,1.00000
SEGURIDAD ELECTRONICA Y TELECOMUNICIONES S.A.S.,0,0.00000,1.00000
INTEGRA MULTISOLUTIONS S.A.S.,0,0.00000,1.00000
ZONA WIFI INTERNETJHONF S.A.S,0,0.00000,1.00000
DEVELOPMENT OF BIG TECHNOLOGIES - DOBIT S.A.S.,0,0.00000,1.00000
COMPUNETWORK RENTING S.A.S,0,0.00000,1.00000
GARAING S.A.S.,0,0.00000,1.00000
COMUNICACIONES JERV SAS,0,0.00000,1.00000
INTEROS - INTERNET SERVICE S.A.S.,0,0.00000,1.00000
LATCOM LATINOAMERICANA DE TELECOMUNICACIONES S.A.,0,0.00000,1.00000
L3 ACCESS S.A.S.,0,0.00000,1.00000
CONEXIONES INALAMBRICAS DEL TOLIMA S.A.S,0,0.00000,1.00000
ACCESS WIFFI S.A.S,0,0.00000,1.00000
PLEXTEL COMUNICACIONES SAS,0,0.00000,1.00000
TERANET S.A.S,0,0.00000,1.00000
COMPUWEB ISP S.A.S,0,0.00000,1.00000
D-NETWORK COMUNICACIONES S.A.S,0,0.00000,1.00000
TELCAB S.A.S,0,0.00000,1.00000
ORBIMAX S.A.S,0,0.00000,1.00000
TECNOLOGIA EN COMUNICACIONES SATELITALES Y TERRESTRES,0,0.00000,1.00000
INTECOM TELECOMUNICACIONES S.A.S,0,0.00000,1.00000
TELCOFIBER SAS SOLUCIONES INTEGRALES EN INGENIERIA DE TICS,0,0.00000,1.00000
IPSEL S.A.S.,0,0.00000,1.00000
SEGUS GROUP S.A.S.,0,0.00000,1.00000
WISP INGENIERIA SAS,0,0.00000,1.00000
DIAMOND SECURITY SYSTEMS S.A.S,0,0.00000,1.00000
COMPAÑIA INTERNACIONAL DE COMUNICACIONES MARG S.A.S,0,0.00000,1.00000
BITT S.A.S.,0,0.00000,1.00000
EURONA TELECOM COLOMBIA S A S,0,0.00000,1.00000
ONEPLUS ELECTRONICA SOFTWARE Y TELECOMUNICACIONES SAS,0,0.00000,1.00000
RED INTERNET CON CALIDAD S.A.S.,0,0.00000,1.00000
BUENAVISTA DE ORO S.A.S,0,0.00000,1.00000
ATM COMUNICACIONES SAS,0,0.00000,1.00000
SIES INGENIERIA Y COMUNICACIONES S.A.S,0,0.00000,1.00000
INTERWORK COMUNICACIONES S.A.S.,0,0.00000,1.00000
PLUG IN INGENIERIA S.A.S,0,0.00000,1.00000
DCS DIGITAL COMMUNICATION SYSTEMS S.A.S,0,0.00000,1.00000
BIG DATA SAS,0,0.00000,1.00000
SOLUCIONES LOGISTICAS Y TECNOLOGICAS S.A.S ,0,0.00000,1.00000
WIMAX S.A.S ZOMAC,0,0.00000,1.00000
NATIONAL INTERDATA S.A.S.,0,0.00000,1.00000
MTV SOLUTTIE SAS,0,0.00000,1.00000
I3NET S.A.S.,0,0.00000,1.00000
MEDIATEL TELECOMUNICACIONES SAS,0,0.00000,1.00000
SERVICIOS TECNOLOGICOS ICOMREDES S.A.S,0,0.00000,1.00000
PIPE COMUNICACIONES S.A.S,0,0.00000,1.00000
SERVICIOS PROFESIONALES EN NETWORKING LIMITADA,0,0.00000,1.00000
REDES INTELIGENTES GG S A S,0,0.00000,1.00000
REDES F.OPTICAS S.A.S.,0,0.00000,1.00000
INTERCOM COLOMBIA LTDA,0,0.00000,1.00000
SISTEMAS LAN Y TELECOMUNICACIONES S.A.S. - SYSLAN,0,0.00000,1.00000
INGENIERIA EN TELECOMUNICACIONES DEL VALLE S.A.S.,0,0.00000,1.00000
WORLD CONNECTIONS S.A.S.,0,0.00000,1.00000
TOTAL BAND COMUNICACIONES S.A.S,0,0.00000,1.00000
SION TELECOMUNICACIONES S.A.S,0,0.00000,1.00000
WI-SAT COMUNICACIONES S.A.S.,0,0.00000,1.00000
SERVIRED 3D SAS,0,0.00000,1.00000
TV MAC S.A.S.,0,0.00000,1.00000
ONDAS TECNOLOGIA Y COMUNICACIONES LTDA,0,0.00000,1.00000
FIBERTEC CONEXION S.A.S,0,0.00000,1.00000
SPEED NET INTERNET AL ALCANCE DE TODOS S.A.S,0,0.00000,1.00000
INTERGALAXIA SOCIEDAD POR ACCIONES SIMPLIFICADA,0,0.00000,1.00000
LD LUCIANA TELECOMUNICACIONES S.A.S,0,0.00000,1.00000
RAPILINK S.A.S.,0,0.00000,1.00000
INTELRED GROUP SAS,0,0.00000,1.00000
EMPRESA DE TELECOMUNICACIONES DE LA ORINOQUIA S.A. E.S.P.,0,0.00000,1.00000
MEGAS.NET S.A.S.,0,0.00000,1.00000
K9 TELECOMUNICACIONES S.A.S.,0,0.00000,1.00000
HAR REDES Y COMUNICACIONES S.A.S.,0,0.00000,1.00000
RIE SOLUCIONES SAS,0,0.00000,1.00000
CAQUEZA TV Y TELECOMUNICACIONES SAS,0,0.00000,1.00000
SISTELEC LTDA,0,0.00000,1.00000
SERVICIOS INTEGRALES PERSONALIZADOS SAS,0,0.00000,1.00000
COMPLEXCOM LTDA,0,0.00000,1.00000
ADMINISTRADORA DE REDES Y SERVICIOS ADMINRED S.A.S.,0,0.00000,1.00000
INTERCONEXIONES & COMUNICACIONES SAS,0,0.00000,1.00000
FASTNET INTERNET PARA TODOS S.A.S,0,0.00000,1.00000
CYDETEL,0,0.00000,1.00000
AIRMAX.NET TELECOMUNICACIONES SAS,0,0.00000,1.00000
TVCABLE EL VERGEL S.A.S.,0,0.00000,1.00000
COMSISTELCO S.A.S.,0,0.00000,1.00000
MELO VARGAS HECTOR JULIAN,0,0.00000,1.00000
PENTAS NETWORKS SAS,0,0.00000,1.00000
APT TELECOMUNICACIONES,0,0.00000,1.00000
SERVICIOS SATELITALES INTEGRADOS S.A.S.,0,0.00000,1.00000
BYC TECNOLOGIA Y SERVICIOS SAS,0,0.00000,1.00000
TCKOMPU S.A.S.,0,0.00000,1.00000
COMUNICACIONES TERRESTRES DE COLOMBIA S.A.S,0,0.00000,1.00000
INNOVA SOLUCIONES TECNOLOGICAS DE COLOMBIA SAS,0,0.00000,1.00000
SUPERCABLE TELECOMUNICACIONES SAS,0,0.00000,1.00000
INTERNEXA S.A E.S.P.,0,0.00000,1.00000
L@TINNETWORK SAS,0,0.00000,1.00000
SYSTEM WIFI S.A.S.,0,0.00000,1.00000
EMPRESA DE TELECOMUNICACIONES IQUINET INGENIERIA S.A.S.,0,0.00000,1.00000
GC HOGAR.NET S.A.S.,0,0.00000,1.00000
INTERCARIBE TV S.A.S.,0,0.00000,1.00000
TV Y COMUNICACIONES J.L. S.A.S.,0,0.00000,1.00000
INTERCOM SOLUCIONES TECNOLOGICAS SAS,0,0.00000,1.00000
NAVEGA COMUNICACIONES SAS,0,0.00000,1.00000
TSG THE IT EXPERTS SAS,0,0.00000,1.00000
SERVICIOS PROFESIONALES WICOM S.A.S,0,0.00000,1.00000
ALFANET TV S.A.S,0,0.00000,1.00000
DIGINORTE S.A.S.,0,0.00000,1.00000
COMUNICACIONES SUR COLOMBIANA S.A.S,0,0.00000,1.00000
TVCABLE TELECOMUNICACIONES S.A.S.,0,0.00000,1.00000
SUPERNET TV TELECOMUNICACIONES S.A.S.,0,0.00000,1.00000
CABLEMAG TELECOMUNICACIONES LTDA,0,0.00000,1.00000
TV AZTECA SUCURSAL COLOMBIA,0,0.00000,1.00000
COLUMBUS NETWORKS DE COLOMBIA LTDA,0,0.00000,1.00000
CABLE CAUCA S.A,0,0.00000,1.00000
CABLE CAUCA COMUNICACIONES SA,0,0.00000,1.00000
DOBLECLICK SOFTWARE E INGENIERIA S.A.S. ,0,0.00000,1.00000
FIBERNET TV S.A.S,0,0.00000,1.00000
CABLE NET S.A.S.,0,0.00000,1.00000
TV CABLE SAN GIL S.A.S.,0,0.00000,1.00000
LECARVIN SAS,0,0.00000,1.00000
ENERGIA INTEGRAL ANDINA S.A.,0,0.00000,1.00000
INFRAESTRUCTURA Y SERVICIOS DE COLOMBIA SAS,0,0.00000,1.00000
CODISERT S.A.,0,0.00000,1.00000
MEDIA COMMERCE PARTNERS S.A.,0,0.00000,1.00000
SISTEMAS Y TELECOMUNICACIONES DEL ORIENTE SAS,0,0.00000,1.00000
METROTEL S.A,0,0.00000,1.00000
EMPRESA DE TELECOMUNICACIONES DE BUCARAMANGA S.A. E.S.P.,0,0.00000,1.00000
TELMEX COLOMBIA S.A.,0,0.00000,1.00000
CALDAS DATA COMPANY LTDA CADCOM,0,0.00000,1.00000
NETICS DE COLOMBIA SAS,0,0.00000,1.00000
TELECOMMUNICATIONS ADVANCE GROUP S.A.S.,0,0.00000,1.00000
FIBERCOM TV S.A.S,0,0.00000,1.00000
TV RED ABREGO S.A.S,0,0.00000,1.00000
IT COMUNICACIONES SAS,0,0.00000,1.00000
GLOBALNET COLOMBIA SA,0,0.00000,1.00000
FIBERNET COLOMBIA S.A.S,0,0.00000,1.00000
INTERCOL WISP S.A.S.,0,0.00000,1.00000
SOLUCIONES ESTRATÉGICAS DE TELECOMUNICACIONES S.A.S.,0,0.00000,1.00000
CABLENET PLUS S.A.S. ZOMAC,0,0.00000,1.00000
TV CABLE COLOMBIA SAS COLCABLE,0,0.00000,1.00000
TELENETDATOS.COM S.A.S,0,0.00000,1.00000
BANSAT S.A.,0,0.00000,1.00000
2RED INTERNET REDES Y HOSTING LTDA,0,0.00000,1.00000
ASOCIACION  DE COPROPIETARIOS  DE LA ANTENA PARABOLICA  DE SAN GIL- ASOPARSA TELESANGIL,0,0.00000,1.00000
GILAT COLOMBIA S. A. - E. S. P.,0,0.00000,1.00000
TELENET DIGITAL S.A.S.,0,0.00000,1.00000
TELNET WIRELESS SAS,0,0.00000,1.00000
AYSATEC TELECOMUNICACIONES S.A.S.,0,0.00000,1.00000
TELECOMUNICACIONES INGENIERÍA Y MERCADEO S.A.S.,0,0.00000,1.00000
CABLE DIGITAL DE COLOMBIA SAS,0,0.00000,1.00000
WG COMUNICACIONES SAS,0,0.00000,1.00000
INTERPLUS TELECOMUNICACIONES SAS,0,0.00000,1.00000
INALREDES SAS,0,0.00000,1.00000
ROYALNET TELECOMUNICACIONES SAS,0,0.00000,1.00000
PARABOLICAS HULIG LTDA,0,0.00000,1.00000
LIGA DE TELEVIDENTES Y SERVICIOS COMUNITARIOS DEL MUNICIPIO DE CHIA,0,0.00000,1.00000
COMUNICACIONES SISTEMATIZADAS DEL META SAS,0,0.00000,1.00000
BLUE TRADERS SAS,0,0.00000,1.00000
TECNISOLUCIONES DENAR SAS,0,0.00000,1.00000
GUACATEL SAS,0,0.00000,1.00000
GRUPO EMPRESARIAL MIDEAS COLOMBIA SAS,0,0.00000,1.00000
NETBEAM S.A.S.,0,0.00000,1.00000
AIRWEB TELECOMUNICACIONES SAS ZOMAC,0,0.00000,1.00000
AUMRED SAS,0,0.00000,1.00000
GWIFA S.A.S,0,0.00000,1.00000
MUGORED S.A.S.,0,0.00000,1.00000
BIONEXION SAS,0,0.00000,1.00000
EVS TELECOMUNICACIONES S.A.S.,0,0.00000,1.00000
SERVICIOS Y SOLUCIONES UNIXXNET SAS,0,0.00000,1.00000
MEGA RED COMUNICACIONES DE COLOMBIA S.A.S.,0,0.00000,1.00000
ASISTEC COMPUTADORES S.A.S,0,0.00000,1.00000
SERVICIOS Y SOLUCIONES DE COLOMBIA NET S.A.S,0,0.00000,1.00000
S&S SYSTEL COMUNICACIONES S.A.S,0,0.00000,1.00000
INTER UVA SAS,0,0.00000,1.00000
REDESBOL.TV SAS,0,0.00000,1.00000
UBIT NETWORKS S.A.S,0,0.00000,1.00000
FERRAM.LR TELECOMUNICACIONES SAS,0,0.00000,1.00000
WIRED S.A.S.,0,0.00000,1.00000
SSI SERVICIOS Y SOLUCIONES DE INGENIERIA SAS,0,0.00000,1.00000
S.I.G.I - SISTEMA INTEGRAL DE GESTION INFORMATICA S.A.S.,0,0.00000,1.00000
LAUDATOS SAS,0,0.00000,1.00000
TELECOMUNICACIONES URMED S.A.S,0,0.00000,1.00000
FIBERNET PLUS S.A.S,0,0.00000,1.00000
WIRELESS COMUNICACIONES S.A.S ,0,0.00000,1.00000
TECNOMAYORISTAS SAS,0,0.00000,1.00000
INTERCAR.NET S.A.S.,0,0.00000,1.00000
SPEED WIRELESS NETOWRKS SAS,0,0.00000,1.00000
CABLE IPIALES SUR Y ASOCIADOS,0,0.00000,1.00000
COMUNICACIONES VIA RADIO SAS,0,0.00000,1.00000
Electrocomunicacions j & L SAS,0,0.00000,1.00000
JECBSOLUTIONS SAS,0,0.00000,1.00000
SOLUCIONES EN REDES DE FIBRA OPTICA SAS,0,0.00000,1.00000
BLU TELECOMUNICACIONES S.A.S.,0,0.00000,1.00000
QUALITY NET COMUNICACIONES S.A.S.,0,0.00000,1.00000
ANDYNET COMUNICACIONES SAS,0,0.00000,1.00000
INTERLAM TELECOMUNICACIONES SAS,0,0.00000,1.00000
ANDREA PEREZ MORENO,0,0.00000,1.00000
MEGA.TV S.A.S,0,0.00000,1.00000
ECOCONEX S.A.S,0,0.00000,1.00000
TAR & TEC S.A.S.,0,0.00000,1.00000
UNION DE TECNOLOGIA ELECTRÓNICA S.A.S.,0,0.00000,1.00000
WIFI ALTERNATIVO S.A.S,0,0.00000,1.00000
SUMINISTRO LA SIERRA S.A.S,0,0.00000,1.00000
VERIZON COLOMBIA S.A. - VERIZON BUSINESS,0,0.00000,1.00000
AMPARO CANTILLO DE GRAFFE,0,0.00000,1.00000
SRG TELECOMUNICACIONES SAS,0,0.00000,1.00000
WIFFITEL TELECOMUNICACIONES SAS,0,0.00000,1.00000
IVZ NET S.A.S.,0,0.00000,1.00000
CONECTIC SOLUCIONES INTEGRALES TIC S.A.S,0,0.00000,1.00000
JJ NETWORKS S.A.S,0,0.00000,1.00000
A&S SOLUCIONES S.A.S,0,0.00000,1.00000
COMPAÑIA ANTIOQUEÑA DE TECNOLOGIA Y TELECOMUNICACIONES LTDA,0,0.00000,1.00000
O4IT COLOMBIA LTDA,0,0.00000,1.00000
NETPLUS TELECOMUNICACIONES SAS,0,0.00000,1.00000
"TECNOLOGIA, INFORMACION Y COMUNICACIONES LIMITADA",0,0.00000,1.00000
THE CLOUD SOLUCIONES INFORMATICAS S.A.S.,0,0.00000,1.00000
TELECOMUNICACIONES ARGENTINA SAS,0,0.00000,1.00000
IRP - ONE S.A.S,0,0.00000,1.00000
SIGMA TELECOMUNICACIONES SAS,0,0.00000,1.00000
FIBER HOME TELECOMUNICACIONES SAS,0,0.00000,1.00000
INVERSIONES RODRIGUEZ MEJIA S.A.S,0,0.00000,1.00000
SM@RT NETWORK S.A.S.,0,0.00000,1.00000
NET3 S.A.S,0,0.00000,1.00000
FIBERNET ISP ZOMAC SAS,0,0.00000,1.00000
CABLENETWORK COMUNICACIONES S.A.S.,0,0.00000,1.00000
LKS SOLUCIONES INFORMATICAS S.A.S,0,0.00000,1.00000
COOPERATIVA MULTIACTIVA DE SERVICIOS INTEGRALES COOSUMA SIGLA COOSUMA,0,0.00000,1.00000
SERVICIOS DE CONECTIVIDAD S.A.S.,0,0.00000,1.00000
BIOCONSTRUCTORES ASOCIADOS S.A.S,0,0.00000,1.00000
MERCANET SAS,0,0.00000,1.00000
SERVIRED SYJ S.A.S,0,0.00000,1.00000
DM SOLUCIONES TELEMATICAS S.A.S,0,0.00000,1.00000
FC COMUNICACIONES S.A.S,0,0.00000,1.00000
ASOCIACION COMUNITARIA DE TELECOMUNICACIONES DE EL RETIRO,0,0.00000,1.00000
SOCIEDAD GOMEZ TORRES Y ALVAREZ ARENAS COMPAÑIA LIMITADA,0,0.00000,1.00000
GIGAREDES COMUNICACIONES SAS,0,0.00000,1.00000
CONECTAMOS SOLUCIONES S.A.S,0,0.00000,1.00000
SPEEDCAST SUCURSAL COLOMBIA,0,0.00000,1.00000
DIGITAL COAST S.A.S.,0,0.00000,1.00000
ADN SYSTEM COMUNICACIONES SAS,0,0.00000,1.00000
CONEXCOL J.F S.A.S.,0,0.00000,1.00000
ADPROTV SAS,0,0.00000,1.00000
CLICK OPTICAL NETWORKS S.A.S,0,0.00000,1.00000
SOFIVER SAS,0,0.00000,1.00000
REDSI TELECOMUNICACIONES S.A.S.,0,0.00000,1.00000
GONZALEZ & CORREDOR INGENIERIA,0,0.00000,1.00000
DATA CONECCTIONES S.A.S,0,0.00000,1.00000
REDES INNOVACION Y CONECTIVIDAD S.A.S,0,0.00000,1.00000
NETCOMVILLA S.A.S.,0,0.00000,1.00000
ANDINA COMUNICACIONES SAS,0,0.00000,1.00000
TERABYTE COMUNICACIONES SAS,0,0.00000,1.00000
3NET TELECOMUNICACIONES SAS,0,0.00000,1.00000
ARDCLANET S.A.S,0,0.00000,1.00000
MONTE INGENIERIA S.A.S,0,0.00000,1.00000
Osmio Telecomunicaciones S.A.S,0,0.00000,1.00000
ASOCIACION DE TV COMUNITARIA DEL MUNICIPIO DE OIBA ASOUAPO,0,0.00000,1.00000
RIS TELECOMUNICACIONES RED INALAMBRICA SATELITAL SAS,0,0.00000,1.00000
CORPORACION GOTT SOLUTION,0,0.00000,1.00000
STAR NETWORKS COMUNICACIONES S.A.S,0,0.00000,1.00000
LIBRE TECNOLOGIA SAS,0,0.00000,1.00000
EL MUNDO EN SUS MANOS INTERNET SAS,0,0.00000,1.00000
PLANETA PUNTOCOM SAS,0,0.00000,1.00000
"EMPRESA COLOMBIANA DE PROCESOS TECNOLOGICOS, TECNOLOGIA Y COMUNICACIONES S.A.",0,0.00000,1.00000
CANO&CANOS S.A.S,0,0.00000,1.00000
LIKES.NET S.A.S,0,0.00000,1.00000
ISP TECHNOLOGY SAS,0,0.00000,1.00000
SISTELINTER S.A.S,0,0.00000,1.00000
MAKRONET JC COMUNICACIONES SAS,0,0.00000,1.00000
WINTV S.A.S,0,0.00000,1.00000
