ID_EMPRESA,accesos_2017,porcentaje,porcentaje_cumulativo
TELMEX COLOMBIA S.A.,2278348,0.36785,0.36785
UNE EPM TELECOMUNICACIONES S.A.,1250018,0.20182,0.56967
COLOMBIA TELECOMUNICACIONES S.A. E.S.P.,966600,0.15606,0.72574
EMPRESA DE TELECOMUNICACIONES DE BOGOTA S.A. ESP,643572,0.10391,0.82964
EDATEL S.A.,201142,0.03248,0.86212
AZTECA COMUNICACIONES COLOMBIA S.A.S,166025,0.02681,0.88892
DIRECTV COLOMBIA LTDA,126501,0.02042,0.90935
EMPRESA DE TELECOMUNICACIONES DE BUCARAMANGA S.A. E.S.P.,125980,0.02034,0.92969
METROTEL S.A,120576,0.01947,0.94916
EMPRESAS MUNICIPALES DE CALI EICE E.S.P,106431,0.01718,0.96634
H V TELEVISION S.A.S.,37284,0.00602,0.97236
TV CABLE SAN GIL S.A.S.,32091,0.00518,0.97754
CONEXION DIGITAL EXPRESS SAS,16420,0.00265,0.98019
DIALNET DE COLOMBIA S.A   ESP.,13447,0.00217,0.98236
ERT SA ESP,11332,0.00183,0.98419
MEDIA COMMERCE PARTNERS S.A.,10036,0.00162,0.98581
EMPRESA DE TELECOMUNICACIONES DE POPAYAN S.A EMTEL E.S.P,6353,0.00103,0.98684
INFRAESTRUCTURA Y SERVICIOS DE COLOMBIA SAS,4494,0.00073,0.98756
SISTEMAS Y TELECOMUNICACIONES DEL ORIENTE SAS,4010,0.00065,0.98821
SUPERNET TV TELECOMUNICACIONES S.A.S.,3810,0.00062,0.98883
TV AZTECA SUCURSAL COLOMBIA,3631,0.00059,0.98941
AXESAT S.A.,3018,0.00049,0.98990
EVERNET S.A.S.,2454,0.00040,0.99030
LECARVIN SAS,2236,0.00036,0.99066
COLUMBUS NETWORKS DE COLOMBIA LTDA,1975,0.00032,0.99098
IFX NETWORKS COLOMBIA S.A.S.,1972,0.00032,0.99130
ATENEA TELECOMUNICACIONES S.A.S.,1955,0.00032,0.99161
K9 TELECOMUNICACIONES S.A.S.,1950,0.00031,0.99193
CABLE Y TELECOMUNICACIONES DE COLOMBIA S.A.S. CABLETELCO,1934,0.00031,0.99224
GILAT COLOMBIA S. A. - E. S. P.,1903,0.00031,0.99255
CABLE NET S.A.S.,1389,0.00022,0.99277
SINERGY SOLUCIONES INTEGRALES S.A.S,1344,0.00022,0.99299
SOL CABLE VISION S. A. S. - E. S. P.,1328,0.00021,0.99320
BETEL SOLUCIONES S.A.S.,1307,0.00021,0.99341
INSITEL S.A.S.,1201,0.00019,0.99361
TV SANV SAS,1186,0.00019,0.99380
PSI TELECOMUNICACIONES DE COLO,1182,0.00019,0.99399
ANDITEL S.A.S,1154,0.00019,0.99417
CABLE CAUCA COMUNICACIONES SA,1110,0.00018,0.99435
COCOM S.A.S,1075,0.00017,0.99453
CENTURYLINK COLOMBIA S.A.,1068,0.00017,0.99470
SKYNET DE COLOMBIA S.A.S. E.S.P,1042,0.00017,0.99487
COLOMBIA MAS TV SAS,971,0.00016,0.99502
ENTER TELECOMUNICACIONES BANDA ANCHA SAS,798,0.00013,0.99515
SISTEMAS AVANZADOS EN TELECOMUNICACIONES S.A.S,783,0.00013,0.99528
SENCINET LATAM COLOMBIA S.A,702,0.00011,0.99539
M&M INVERSIONES MORENO S.A.S,692,0.00011,0.99550
INALREDES SAS,674,0.00011,0.99561
ASOCIACIÓN ANTENA PARABÓLICA DEL SOCORRO,668,0.00011,0.99572
COMPAÑIA LATINOAMERICANA DE SOFTWARE SAS - LASC SAS,661,0.00011,0.99583
NETICS DE COLOMBIA SAS,654,0.00011,0.99593
ZumaComunicacionesdeColombiaSA,611,0.00010,0.99603
"TECNOLOGIA, INFORMACION Y COMUNICACIONES LIMITADA",603,0.00010,0.99613
HM TELECOMUNICACIONES DEL CAUCA SAS,600,0.00010,0.99623
EMPRESA DE TELECOMUNICACIONES DE LA ORINOQUIA S.A. E.S.P.,573,0.00009,0.99632
CONECTTIC S A S,558,0.00009,0.99641
ROYALNET TELECOMUNICACIONES SAS,519,0.00008,0.99649
FCF COMUNICACIONES S.A.S.,497,0.00008,0.99657
CABLEMAG TELECOMUNICACIONES LTDA,483,0.00008,0.99665
TELEMATICS NETWORK SAS,453,0.00007,0.99672
ITELKOM S.A.S.,444,0.00007,0.99680
CALDAS DATA COMPANY LTDA CADCOM,438,0.00007,0.99687
INFRATEL COMUNICACIONES SAS,434,0.00007,0.99694
WIRELESS COMUNICACIONES S.A.S ,400,0.00006,0.99700
SYSTEMS AND COMMUNICATIONS S.A.S. - SYSCOM TECNOLOGIA S.A.S.,396,0.00006,0.99707
S3 SIMPLE SMART SPEEDY S.A.S.,386,0.00006,0.99713
COMSSET COMUNICACIONES SAS,378,0.00006,0.99719
FUTURE SOLUTIONS DEVELOPMENT S.A.S.,378,0.00006,0.99725
EMPRESA DE SERVICIOS INALAMBRICOS Y TELECOMUNICACIONES - EMSITEL LTDA.,373,0.00006,0.99731
A Y A RADIOCOMUNICACIONES S.A.S.,370,0.00006,0.99737
SP SISTEMAS PALACIOS LTDA.,365,0.00006,0.99743
SECO S.A.S.,365,0.00006,0.99749
TELECOMUNICACIONES DEL CATATUMBO S.A.S.,349,0.00006,0.99754
CABLE SAS,344,0.00006,0.99760
RURAL NET TELECOMUNICACIONES S.A.S,334,0.00005,0.99765
WI-SAT COMUNICACIONES S.A.S.,318,0.00005,0.99770
GTD COLOMBIA S.A.S.,318,0.00005,0.99776
SISTEMAS LAN Y TELECOMUNICACIONES S.A.S. - SYSLAN,304,0.00005,0.99781
SYSTEL COMUNICACIONES CARTAGO S.A.S.,302,0.00005,0.99785
C & C VISION S.A.S.,301,0.00005,0.99790
TELECOMUNICACIONES INGENIERÍA Y MERCADEO S.A.S.,292,0.00005,0.99795
INTER REDES DEL MAGDALENA SAS,291,0.00005,0.99800
HIZ TELECOMUNICACIONES S.A.S,291,0.00005,0.99804
MEGARED COMUNICACIONES S.A.S.,285,0.00005,0.99809
SISTEMAS COMPUTARIZADOS DEL HUILA S.A.S.,284,0.00005,0.99814
TELECOMMUNICATIONS ADVANCE GROUP S.A.S.,283,0.00005,0.99818
MEGA RED COMUNICACIONES DE COLOMBIA S.A.S.,270,0.00004,0.99822
COLOMBIATEL TELECOMUNICACIONES S.A.S.,257,0.00004,0.99827
ACCESS DIGITAL S.A.S,237,0.00004,0.99830
DESARROLLOS Y REDES S.A.S.,235,0.00004,0.99834
INTERCOM COLOMBIA LTDA,234,0.00004,0.99838
CONSULNETWORKS S.A. E.S.P.,232,0.00004,0.99842
CONEXION TOTAL DE OCCIDENTE S.A.S,230,0.00004,0.99846
ASOCIACION COMUNITARIA DE TELEVISION POR CABLE ACOTV SIMIJACA,229,0.00004,0.99849
NET&COM LTDA.,225,0.00004,0.99853
DATA CONECCTIONES S.A.S,224,0.00004,0.99856
CSSI TELECOMUNICACIONES SAS,220,0.00004,0.99860
ASOCIACION  DE COPROPIETARIOS  DE LA ANTENA PARABOLICA  DE SAN GIL- ASOPARSA TELESANGIL,216,0.00003,0.99863
GARDEN TECHNOLOGY SAS,208,0.00003,0.99867
SILCOM TELECOMUNICACIONES S.A.S.,207,0.00003,0.99870
TIERRANET S.A.S.,195,0.00003,0.99873
INTERPLUS TELECOMUNICACIONES SAS,195,0.00003,0.99876
NETCOMVILLA S.A.S.,192,0.00003,0.99880
AIRMAX.NET TELECOMUNICACIONES SAS,191,0.00003,0.99883
WISP TELECOMUNICACIONES SAS,188,0.00003,0.99886
INGENIERIA EN TELECOMUNICACIONES DEL VALLE S.A.S.,188,0.00003,0.99889
INVERSIONES ZULUAGA SEJIN S.A.S.,185,0.00003,0.99892
PROMOTORA DE TELEVISION. INTERNET Y COMUNICACIONES SAS,184,0.00003,0.99895
TELENETDATOS.COM S.A.S,181,0.00003,0.99898
JHON JAIRO MESA MESA E INGENIEROS ASOCIADOS SAS  JJMMELECTRONICS S.A.S.,172,0.00003,0.99900
NETWORK DAT@LINK S.A.S.,169,0.00003,0.99903
JEFFERSON AFE S.A.S,166,0.00003,0.99906
IP TECHNOLOGIES SAS,163,0.00003,0.99908
NEIA SAS,154,0.00002,0.99911
LEGON TELECOMUNICACIONES S.A.S.,151,0.00002,0.99913
SYSTEM WIFI S.A.S.,150,0.00002,0.99916
INTER T.V. S.A.S,144,0.00002,0.99918
CONNECT TELECOMUNICACIONES SAS,138,0.00002,0.99920
AMERICANA DE TECNOLOGIA Y COMUNICACIONES SAS,137,0.00002,0.99923
TURBO REDES TELECOMUNICACIONES S.A.S.,134,0.00002,0.99925
COMUNICACIONES TERRESTRES DE COLOMBIA S.A.S,130,0.00002,0.99927
NET3 S.A.S,129,0.00002,0.99929
CR.ISP TELECOMUNICATION PROVIDER S.A.S.,128,0.00002,0.99931
CENTRAL DE SERVICIOS DIGITALES S.A.S.,128,0.00002,0.99933
CABLE YUMA SAS,127,0.00002,0.99935
TERABYTE COMUNICACIONES SAS,125,0.00002,0.99937
FIBERTEC CONEXION S.A.S,120,0.00002,0.99939
SIGMA TELECOMUNICACIONES SAS,117,0.00002,0.99941
SERVIRED 3D SAS,117,0.00002,0.99943
ELECTRONICA Y TELECOMUNICACIONES DE COLOMBIA S. A. S. - ETELCO S. A. S.,115,0.00002,0.99945
LAUDATOS SAS,112,0.00002,0.99946
INTERVID TELECOMUNICACIONES S.A.S.,112,0.00002,0.99948
INTELCOM CALI SAS,103,0.00002,0.99950
MAZCSYSTEM COMUNICACIONES SAS,100,0.00002,0.99952
"ATYCO - ASESORIAS, TECNOLOGIA Y COMUNICACIONES S.A.S",94,0.00002,0.99953
DIGICOMS SAS,94,0.00002,0.99955
SERVICIOS PROFESIONALES EN NETWORKING LIMITADA,93,0.00002,0.99956
PIPE COMUNICACIONES S.A.S,92,0.00001,0.99958
ISP TECHNOLOGY SAS,91,0.00001,0.99959
GIGAREDES COMUNICACIONES SAS,89,0.00001,0.99960
WIRELESS COMMUNICATIONS COLOMBIA S.A.S. - WIRLCOMM S.A.S.,89,0.00001,0.99962
MIKROTECK S.A.S.,89,0.00001,0.99963
ALFASURT TV CABLE SAS.,89,0.00001,0.99965
SERVICIOS Y SOLUCIONES UNIXXNET SAS,87,0.00001,0.99966
THE CLOUD SOLUCIONES INFORMATICAS S.A.S.,87,0.00001,0.99968
CLICKHD,82,0.00001,0.99969
INTERLANS S.A.S.,81,0.00001,0.99970
GENESIS DATA LTDA,76,0.00001,0.99971
CONEXXION WI-FI LTDA,73,0.00001,0.99973
WINETS S.A.S.,72,0.00001,0.99974
FUNDACION VISION 20/20 COLOMBIA,71,0.00001,0.99975
NETBYTE SAS,71,0.00001,0.99976
MERCANET SAS,70,0.00001,0.99977
OPITASENLINEA S.A.S.,69,0.00001,0.99978
COLOMBIACOM SAS,64,0.00001,0.99979
VALLE TELECOMUNICACIONES SAS,64,0.00001,0.99980
WIR TECNOLOGIA SAS,62,0.00001,0.99981
CONEXCOL J.F S.A.S.,60,0.00001,0.99982
ELEMEING S.A.S,53,0.00001,0.99983
INTEGRA MULTISOLUTIONS S.A.S.,52,0.00001,0.99984
CARIBETECH S.A.S.,48,0.00001,0.99985
SINURED SOLUCIONES S.A.S.,47,0.00001,0.99986
GLOBALNET COLOMBIA SA,45,0.00001,0.99986
CABLE Y TV  YOPAL S.A.S. INTERNET INALAMBRICO,41,0.00001,0.99987
CABLEMAS S.A.S,39,0.00001,0.99988
WISP INTEGRADORES S.A.S,38,0.00001,0.99988
TV ISLA LTDA,38,0.00001,0.99989
CAMPOCOM SAS,35,0.00001,0.99989
DISCOM SAS,34,0.00001,0.99990
SISTELEC LTDA,33,0.00001,0.99991
O4IT COLOMBIA LTDA,33,0.00001,0.99991
TIVIT COLOMBIA TERCERIZACION DE PROCESOS SERVICIOS Y TECNOLOGIA S.A.S,33,0.00001,0.99992
IVZ NET S.A.S.,33,0.00001,0.99992
RIS TELECOMUNICACIONES RED INALAMBRICA SATELITAL SAS,32,0.00001,0.99993
MECATRONICS INGENIERIA Y SOLUCIONES S.A.S.,31,0.00001,0.99993
MELO VARGAS HECTOR JULIAN,30,0.00000,0.99994
FX ONLINE S.A.S,29,0.00000,0.99994
ACCESS POINT DE COLOMBIA S.A.S.,29,0.00000,0.99995
VESGA TELECOMUNICACIONES SAS,29,0.00000,0.99995
CABLENETWORK COMUNICACIONES S.A.S.,25,0.00000,0.99995
TECNOMAYORISTAS SAS,22,0.00000,0.99996
SUAZA UPEGUI JOHN FERNANDO,21,0.00000,0.99996
CONSULTORES EN TECNOLOGIAS DE LA INFORMACION SAS,20,0.00000,0.99996
PLANETA PUNTOCOM SAS,19,0.00000,0.99997
TECOLRADIO TECNOLOGIA COLOMBIANA DE RADIO COMUNICACIONES E.U.,18,0.00000,0.99997
COMPUSEB SOLUTIONS SAS,14,0.00000,0.99997
TECNOLOGIA EN COMUNICACIONES SATELITALES Y TERRESTRES,14,0.00000,0.99997
ENLAZAR COMUNICACIONES S.A.S,13,0.00000,0.99998
STRATEGIC TECHNOLOGICAL DE COLOMBIA LTDA,13,0.00000,0.99998
INTERNET AL CAMPO S.A.S.,12,0.00000,0.99998
 GLOB@L SYSTEM WI FI,11,0.00000,0.99998
EMPRESA DE TELECOMUNICACIONES IQUINET INGENIERIA S.A.S.,10,0.00000,0.99998
GLOBENET CABOS SUBMARINOS COLOMBIA S.A.S.,7,0.00000,0.99999
RED INTERNET CON CALIDAD S.A.S.,7,0.00000,0.99999
VERIZON COLOMBIA S.A. - VERIZON BUSINESS,6,0.00000,0.99999
INTERNEXA S.A E.S.P.,6,0.00000,0.99999
ESPACIOS Y REDES SAS,6,0.00000,0.99999
SITIS SOLUCIONES INFORMATICAS INTEGRALES EN SALUD SAS,6,0.00000,0.99999
ANS COMUNICACIONES LTDA,6,0.00000,0.99999
Electrocomunicacions j & L SAS,5,0.00000,0.99999
REALTIC SOLUTION S.A.S.,5,0.00000,0.99999
NETBEAM S.A.S.,5,0.00000,0.99999
TELCOBRAS S.A.S.,5,0.00000,0.99999
AIREDNET LTDA,4,0.00000,1.00000
EURONA TELECOM COLOMBIA S A S,4,0.00000,1.00000
UNICOM S.A.S.,4,0.00000,1.00000
KIRA ISP S.A.S.,3,0.00000,1.00000
DCS DIGITAL COMMUNICATION SYSTEMS S.A.S,3,0.00000,1.00000
EMPRESA DE ENERGIA DE CASANARE S.A. E.S.P.,3,0.00000,1.00000
STC COMUNICACIONES S. A. S.,2,0.00000,1.00000
SPEEDCAST SUCURSAL COLOMBIA,1,0.00000,1.00000
ENLINEA TELECOMUNICACIONES S.A.S.,1,0.00000,1.00000
CONSOLTIC S.A.S.,1,0.00000,1.00000
GONZALEZ & CORREDOR INGENIERIA,1,0.00000,1.00000
COMPAÑIA INTERNACIONAL DE COMUNICACIONES MARG S.A.S,1,0.00000,1.00000
INTERNET Y TELECOMUNICACIONES DE COLOMBIA S.A.S.,1,0.00000,1.00000
MEDIAWIRE TELECOMUNICACIONES S.A.S,1,0.00000,1.00000
RED UNO S.A,1,0.00000,1.00000
BARAK TECNOLOGIA INFORMACION Y COMUNICACIONES SAS,1,0.00000,1.00000
I3NET S.A.S.,1,0.00000,1.00000
TAR & TEC S.A.S.,0,0.00000,1.00000
NETWORK-TICS SAS,0,0.00000,1.00000
MY TELECOMUNICACIONES S.A.S,0,0.00000,1.00000
U2RED S.A.S,0,0.00000,1.00000
SUMINISTRO LA SIERRA S.A.S,0,0.00000,1.00000
AIRWEB TELECOMUNICACIONES SAS ZOMAC,0,0.00000,1.00000
INTERNETRURAL DEL VALLE S.A.S,0,0.00000,1.00000
10COM SAS,0,0.00000,1.00000
SERVICTEK S.A.S,0,0.00000,1.00000
ZABUD NET S.A.S.,0,0.00000,1.00000
WIFI ALTERNATIVO S.A.S,0,0.00000,1.00000
MULTISERVICIOS DIAMANTE S.A.S,0,0.00000,1.00000
ELITE ON LINE SAS,0,0.00000,1.00000
AUMRED SAS,0,0.00000,1.00000
EVS TELECOMUNICACIONES S.A.S.,0,0.00000,1.00000
GWIFA S.A.S,0,0.00000,1.00000
KERUV TELECOMUNICACIONES S.A.S,0,0.00000,1.00000
FIBRANET SOLUCIONES SAS,0,0.00000,1.00000
CABLE IPIALES SUR Y ASOCIADOS,0,0.00000,1.00000
ISP FIBRA NET S.A.S.,0,0.00000,1.00000
INTERCOM TELECOMMUNICATIONS SAS,0,0.00000,1.00000
MUGORED S.A.S.,0,0.00000,1.00000
TERANET DE COLOMBIA S.A.S,0,0.00000,1.00000
TELNEX S.A.S,0,0.00000,1.00000
BIONEXION SAS,0,0.00000,1.00000
REDES DEL VALLE POR COLOMBIA S.A.S,0,0.00000,1.00000
ASOCIACIÓN COMUNITARIA ALFATV,0,0.00000,1.00000
C A RADIOCOMUNICACIONES E U,0,0.00000,1.00000
E-GPON TELECOMUNICACIONES S.A.S.,0,0.00000,1.00000
CABLE NAR S.A.S.,0,0.00000,1.00000
LA RED.G TELECOMUNICACIONES S.A.S,0,0.00000,1.00000
TELENET DE COLOMBIA COMUNICACIONES SAS,0,0.00000,1.00000
ATLAS NETWORK SAS,0,0.00000,1.00000
COMPAÑIA ANTIOQUEÑA DE TECNOLOGIA Y TELECOMUNICACIONES LTDA,0,0.00000,1.00000
INTERCAR.NET S.A.S.,0,0.00000,1.00000
P & B COMUNICACIONES S.A.S.,0,0.00000,1.00000
C & B TELECOMUNICACIONES SAS,0,0.00000,1.00000
A&S SOLUCIONES S.A.S,0,0.00000,1.00000
TEXEL GROUP S.A.S.,0,0.00000,1.00000
ASOCIACION COMUNITARIA ANTENA PARABOLICA SAN RAFAEL,0,0.00000,1.00000
CABLEMAS PUERTO RICO S.A.S.,0,0.00000,1.00000
S&S SYSTEL COMUNICACIONES S.A.S,0,0.00000,1.00000
CASA.NET S.A.S ZOMAC,0,0.00000,1.00000
JJ NETWORKS S.A.S,0,0.00000,1.00000
CORPORACION ANTENA PARABOLICA VECINOS DE LOS BARRIOS FRANCISCO ANTONIO ZEA Y AL,0,0.00000,1.00000
UNION DE TECNOLOGIA ELECTRÓNICA S.A.S.,0,0.00000,1.00000
GRUPO EMPRESARIAL MIDEAS COLOMBIA SAS,0,0.00000,1.00000
CONECTIC SOLUCIONES INTEGRALES TIC S.A.S,0,0.00000,1.00000
FLASHNET COMUNICACIONES S.A.S.,0,0.00000,1.00000
WIFFITEL TELECOMUNICACIONES SAS,0,0.00000,1.00000
ANDREA PEREZ MORENO,0,0.00000,1.00000
SRG TELECOMUNICACIONES SAS,0,0.00000,1.00000
ASOCIACION COMUNITARIA PARA EL DESARROLLO DE ANGELOPOLIS,0,0.00000,1.00000
INTERPROJECT COMUNICACIONES S.A.S.,0,0.00000,1.00000
AMPARO CANTILLO DE GRAFFE,0,0.00000,1.00000
MEGA.TV S.A.S,0,0.00000,1.00000
ECOCONEX S.A.S,0,0.00000,1.00000
COMPAÑIA DE TECNOLOGIAS DE LA INFORMACION Y LA COMUNICACION S.A.S.,0,0.00000,1.00000
SMART.NET TELECOMUNICACIONES SAS,0,0.00000,1.00000
DSC TELECOMUNICACIONES S.A.S,0,0.00000,1.00000
COMUNICACION CELULAR S A COMCEL S A,0,0.00000,1.00000
ASISTEC COMPUTADORES S.A.S,0,0.00000,1.00000
GRUPO SERVINET S.A.S.,0,0.00000,1.00000
TUNET-WORK S.A.S.,0,0.00000,1.00000
ASOCIACION DE TV COMUNITARIA DEL MUNICIPIO DE OIBA ASOUAPO,0,0.00000,1.00000
SOFIVER SAS,0,0.00000,1.00000
FIBER NET COMUNICACIÓN SUPERIOR S.A.S,0,0.00000,1.00000
OSZANET TELECOMUNICACIONES SAS,0,0.00000,1.00000
RIONEGRO TELECOMUNICACIONES S.A.S.,0,0.00000,1.00000
TIKNETWORKS SAS,0,0.00000,1.00000
MEGA TV C&J S.A.S,0,0.00000,1.00000
Osmio Telecomunicaciones S.A.S,0,0.00000,1.00000
KONECTATE WISP S.A.S,0,0.00000,1.00000
OSPINA COMUNICACIONES DE COLOMBIA S.A.S,0,0.00000,1.00000
MONTE INGENIERIA S.A.S,0,0.00000,1.00000
INTERLOOP S.A.S,0,0.00000,1.00000
BIOCONEXION DIGITAL SAS,0,0.00000,1.00000
BIOS INGENIERIA S.A.S,0,0.00000,1.00000
DI. REDES Y COMUNICACIONES S.A.S,0,0.00000,1.00000
ARDCLANET S.A.S,0,0.00000,1.00000
GRAFENO COMUNICACIONES S.A.S.,0,0.00000,1.00000
IP COMUNICACIONES Y TECNOLOGIA S.A.S,0,0.00000,1.00000
OPTIMO NET SAS,0,0.00000,1.00000
ORIENTE TELECOMUNICACIONES DE COLOMBIA SOCIEDAD POR ACCIONES SIMPLIFICADA,0,0.00000,1.00000
3NET TELECOMUNICACIONES SAS,0,0.00000,1.00000
T&T TECNOLOGIAS S.A.S ZOMAC,0,0.00000,1.00000
INTERCONETXIONES FTTH S.A.S,0,0.00000,1.00000
CORES COMUNICACIONES SAS,0,0.00000,1.00000
SOTO RED S.A.S.,0,0.00000,1.00000
CORPORACION GOTT SOLUTION,0,0.00000,1.00000
SISTEMAS Y TELECOMUNICACIONES DEL CARIBE S.A.S,0,0.00000,1.00000
WIMCO INTERNET COLOMBIA SAS,0,0.00000,1.00000
FW TELECOMUNICACIONES ZOMAC S.A.S,0,0.00000,1.00000
INGENIERIA E INFORMATICA EMPRESA ASOCIATIVA DE TRABAJO,0,0.00000,1.00000
TUFIBRA GRUPO EMPRESARIAL S.A.S.,0,0.00000,1.00000
MAKRONET JC COMUNICACIONES SAS,0,0.00000,1.00000
JHEDA COMUNICACIONES SAS,0,0.00000,1.00000
MILLENNIALS NETWORK S.A.S.,0,0.00000,1.00000
ALIANZA SERVICIOS TECNOLOGICOS SAS,0,0.00000,1.00000
VILLAWEB TELECOMUNICACIONES SAS,0,0.00000,1.00000
GRUPO COLIBRI S.A.S,0,0.00000,1.00000
SISTELINTER S.A.S,0,0.00000,1.00000
INTER-LIND@ SAS,0,0.00000,1.00000
ON-LINE INGENIERIA S.A.S,0,0.00000,1.00000
STAR NETWORKS COMUNICACIONES S.A.S,0,0.00000,1.00000
LIKES.NET S.A.S,0,0.00000,1.00000
1NITEC S.A.S.,0,0.00000,1.00000
CANO&CANOS S.A.S,0,0.00000,1.00000
INTERLUNA S.A.S.,0,0.00000,1.00000
MEGASTORE GROUP TELECOMUNICACIONES SAS,0,0.00000,1.00000
"EMPRESA COLOMBIANA DE PROCESOS TECNOLOGICOS, TECNOLOGIA Y COMUNICACIONES S.A.",0,0.00000,1.00000
MUNDO CAM S.A.S.,0,0.00000,1.00000
ASIS OBRAS Y SERVICIOS S.A.S,0,0.00000,1.00000
EL MUNDO EN SUS MANOS INTERNET SAS,0,0.00000,1.00000
IT. TECHNOLOGY R&M S.A.S.,0,0.00000,1.00000
LIBRE TECNOLOGIA SAS,0,0.00000,1.00000
TECNOLOGIA EN COMUNICACIONES J & M S A S,0,0.00000,1.00000
INTERCONECTY ISP S.A.S,0,0.00000,1.00000
VIBRARED TV COMUNICACIONES S.A.S.,0,0.00000,1.00000
718 TRADING CO SAS,0,0.00000,1.00000
METRONET COLOMBIA SAS,0,0.00000,1.00000
S.I.G.I - SISTEMA INTEGRAL DE GESTION INFORMATICA S.A.S.,0,0.00000,1.00000
REINA CONEXION S.A.S.,0,0.00000,1.00000
SSI SERVICIOS Y SOLUCIONES DE INGENIERIA SAS,0,0.00000,1.00000
TV MAR COMUNICACIONES S.A.S.,0,0.00000,1.00000
HOLANET TELECOMUNICACIONES S.A.S,0,0.00000,1.00000
WIRED S.A.S.,0,0.00000,1.00000
INTERNET ZAPATOCA SAS,0,0.00000,1.00000
FERRAM.LR TELECOMUNICACIONES SAS,0,0.00000,1.00000
FAST NET COMUNICACIONES ISP SAS,0,0.00000,1.00000
Empresa de Tecnología y Comunicaciones 7 S.A.S ZOMAC,0,0.00000,1.00000
UBIT NETWORKS S.A.S,0,0.00000,1.00000
ANTELNET COMUNICACIONES S.A.S.,0,0.00000,1.00000
NAVEGAMAS TELECOMUNICACIONES S.A.S.,0,0.00000,1.00000
REDESBOL.TV SAS,0,0.00000,1.00000
GPON TECHNOLOGY S.A.S,0,0.00000,1.00000
CHATNET COMUNICACIONES SAS,0,0.00000,1.00000
DISTRIBUIDORA COMERCIALIZADORA Y LOGISTICA DCL S.A.S,0,0.00000,1.00000
INTER UVA SAS,0,0.00000,1.00000
SERVICIOS Y SOLUCIONES DE COLOMBIA NET S.A.S,0,0.00000,1.00000
CORPORACIÓN TELE CARIBE,0,0.00000,1.00000
MICEL COMUNICACIONES S.A.S,0,0.00000,1.00000
CABLE GUAJIRA LTDA,0,0.00000,1.00000
GUACATEL SAS,0,0.00000,1.00000
EGA COMUNICACIONES S.A.S.,0,0.00000,1.00000
MAGOTEL WIMAX S.A.S.,0,0.00000,1.00000
CORPORACION ANTENA PARABOLICA DE GUATAPE CORPAGUA,0,0.00000,1.00000
CLICK OPTICAL NETWORKS S.A.S,0,0.00000,1.00000
CALLTOPBX S.A.S.,0,0.00000,1.00000
ANDINA COMUNICACIONES SAS,0,0.00000,1.00000
ARM TELECOMUNICACIONES SAS,0,0.00000,1.00000
ASOCIACION CONCEPCION TELECOMUNICACIONES,0,0.00000,1.00000
COLTEG COMUNICACIONES S.A.S,0,0.00000,1.00000
LEVEL9 TELECOMUNICACIONES S.A.S,0,0.00000,1.00000
REDES INNOVACION Y CONECTIVIDAD S.A.S,0,0.00000,1.00000
COMUNICACIONES S & H FIBER LINK S.A.S.,0,0.00000,1.00000
ANDYNET COMUNICACIONES SAS,0,0.00000,1.00000
WILQUAY COMUNICACIONES 1973 S.A.S,0,0.00000,1.00000
REDSI TELECOMUNICACIONES S.A.S.,0,0.00000,1.00000
INTERDAYK - TV. S.A.S.,0,0.00000,1.00000
EUTA ZOMAC S.A.S,0,0.00000,1.00000
NETPLUS TELECOMUNICACIONES SAS,0,0.00000,1.00000
SPEED WIRELESS NETOWRKS SAS,0,0.00000,1.00000
EYON RV S.A.S,0,0.00000,1.00000
"INGENIERÍA EN MANTENIMIENTO Y MONTAJES DE REDES ELECTRICAS, DE COMUNICACIONES Y AUTOMATIZACIÓN SAS",0,0.00000,1.00000
ULTRANET CONEXIONES INALÁMBRICAS S.A.S.,0,0.00000,1.00000
CONECTA2 COLOMBIA S.A.S.,0,0.00000,1.00000
IDB FIBRA S.A.S,0,0.00000,1.00000
FIBERNET PLUS S.A.S,0,0.00000,1.00000
WIDE GROUP S.A.S,0,0.00000,1.00000
COMITE DE USUARIOS DE ANTENA PARABOLICA DE COGUA (CUAPAC),0,0.00000,1.00000
TELECOMUNICACIONES URMED S.A.S,0,0.00000,1.00000
INTERLAM TELECOMUNICACIONES SAS,0,0.00000,1.00000
ROSA MARIA RUBIANO VICTORIA,0,0.00000,1.00000
QUALITY NET COMUNICACIONES S.A.S.,0,0.00000,1.00000
ENLACES JR SAS,0,0.00000,1.00000
EASY NETWORKS S.A.S,0,0.00000,1.00000
INTERNATIONAL SECURITY NETWORKS S.A.S,0,0.00000,1.00000
T&C COMUNICACIONES ANTIOQUIA S.A.S,0,0.00000,1.00000
ASOCIACION COMUNITARIA ANTENA PARABOLICA BAJO TIGUI,0,0.00000,1.00000
SPACE INFINITE TESLA SAS,0,0.00000,1.00000
MEGAHER S.A.S,0,0.00000,1.00000
PUNTO-WAN S.A.S.,0,0.00000,1.00000
TIVIT COLOMBIA DC TERCERIZACION DE PROCESOS SERVICIOS Y TECNOLOGIA S.A.S,0,0.00000,1.00000
RADIOCOMUNICACIONES HALCONES DE LA SABANA SOCIEDAD POR ACCIONES SIMPLIFICADA,0,0.00000,1.00000
UFICOL SAS,0,0.00000,1.00000
 SERVICE WELL NET S.A.S,0,0.00000,1.00000
REDECOM SOLUCIONES INTEGRALES EN REDES SAS,0,0.00000,1.00000
RAVTEL COMUNICACIONES,0,0.00000,1.00000
SERVICIOS Y TELECOMUNICACIONES DEL PACIFICO - SERTELPAC S.A.S ZOMAC,0,0.00000,1.00000
THE NEW CONNECTION COMPANY S.A.S,0,0.00000,1.00000
DIRECTIBU S.A.S,0,0.00000,1.00000
SERVICIOS PROFESIONALES WITEL SAS,0,0.00000,1.00000
URBAN COMUNICACIONES S.A.S,0,0.00000,1.00000
BITCOM ISP S.A.S,0,0.00000,1.00000
AUFI S.A.S,0,0.00000,1.00000
TELECOMUNICACIONES TECNOPUNTO S.A.S. ZOMAC,0,0.00000,1.00000
BUSTANET S.A.S,0,0.00000,1.00000
SERVIWISP S.A.S,0,0.00000,1.00000
TECNO REDES MULTISERVICIO S.A.S,0,0.00000,1.00000
PALSOTEL.NET S.A.S,0,0.00000,1.00000
GRUPO PLUS INGENIERÍA S A S,0,0.00000,1.00000
CABLES Y MEDIOS S.A.S,0,0.00000,1.00000
NETWORKING INTERNET S.A.S,0,0.00000,1.00000
TESLANET SISTEMAS ELECTRICOS ELECTRONICOS Y TELECOMUNICACIONES S.A.S,0,0.00000,1.00000
CONETXIA S.A.S,0,0.00000,1.00000
TV UNIDOS J&G S.A.S.,0,0.00000,1.00000
INTERNET SOLUCIONES TECNOLOGICAS Y ADMINISTRACION DE REDES SAS,0,0.00000,1.00000
YAPI S.A.S.,0,0.00000,1.00000
HOSTDIME.COM.CO S.A.S.,0,0.00000,1.00000
MAXCOMUNICACIONES S.A.S,0,0.00000,1.00000
VALLETVNET COMUNICACIONES S.A.S.,0,0.00000,1.00000
AT£T GLOBAL NETWORK SERVICES COLOMBIA LTDA.,0,0.00000,1.00000
SISTEMA DE COMUNICACIONES SISTECOM S.A.S.,0,0.00000,1.00000
INGENIERIA ELECTRONICA COLOMBIANA S A S,0,0.00000,1.00000
WIMAX S.A.S ZOMAC,0,0.00000,1.00000
XPERTIC S.A.S.,0,0.00000,1.00000
SOLUCIONES LOGISTICAS Y TECNOLOGICAS S.A.S ,0,0.00000,1.00000
NEXO TELECOMUNICACIONES S.A.S.,0,0.00000,1.00000
TUSMEGAS S.A.S.,0,0.00000,1.00000
TECNOFUTURO 25 S.A.S,0,0.00000,1.00000
MUNDO + S.A.S,0,0.00000,1.00000
TICSCOM SAS,0,0.00000,1.00000
POWERLINK TELECOMUNICACIONES S.A.S,0,0.00000,1.00000
EXPRES SISTEMAS COMUNICACIONES SAS,0,0.00000,1.00000
Intternauta SAS,0,0.00000,1.00000
PLUSNET SOLUCIONES TECNOLOGICAS S.A.S.,0,0.00000,1.00000
NEWLINE NETWORK DE COLOMBIA S.A.S,0,0.00000,1.00000
COGENT COLOMBIA S.A.S,0,0.00000,1.00000
ISATEL TELECOMUNICACIONES S.A.S.,0,0.00000,1.00000
INTER CONEXIONES R Y L S.A.S,0,0.00000,1.00000
ELITE REDES & COMUNICACIONES SAS,0,0.00000,1.00000
INVERSIONES RIASCOS CARDENAS SAS,0,0.00000,1.00000
INVERSIONES JALMAR S.A.S,0,0.00000,1.00000
INTERPLAY ISP S.A.S,0,0.00000,1.00000
RIONET.CO S.A.S,0,0.00000,1.00000
MY GLOBALMEK SOLUTIONS S.A.S,0,0.00000,1.00000
INFINITICS S.A.S.,0,0.00000,1.00000
TELEDATA COLOMBIA S.A.S,0,0.00000,1.00000
 SERVICIOS DE COMUNICACIONES INTEGRALES S.A.S,0,0.00000,1.00000
FIVE BROTHERS S.A.S,0,0.00000,1.00000
COMUNICACIONES JERV SAS,0,0.00000,1.00000
OPP TELECOMUNICACIONES S.A.S,0,0.00000,1.00000
LINK TELECOMUNICACIONES S.A.S,0,0.00000,1.00000
INVERSIONES ACOSTA VERGARA S.A.S.,0,0.00000,1.00000
ACCESS WIFFI S.A.S,0,0.00000,1.00000
FENIX SOLUTION WIRELESS S.A.S.,0,0.00000,1.00000
GIGANET TV S.A.S ZOMAC,0,0.00000,1.00000
PUNTONET COMUNICACIONES SAS,0,0.00000,1.00000
SEGURIDAD ELECTRONICA Y TELECOMUNICIONES S.A.S.,0,0.00000,1.00000
SIES INGENIERIA Y COMUNICACIONES S.A.S,0,0.00000,1.00000
SOPORTEC SOCIEDAD POR ACCIONES SIMPLIFICADA,0,0.00000,1.00000
SEGUS GROUP S.A.S.,0,0.00000,1.00000
XIRIUX LTDA,0,0.00000,1.00000
IDETEC SOLUCIONES S.A.S,0,0.00000,1.00000
FIBER PLAY ZOMAC S.A.S.,0,0.00000,1.00000
MORA COMUNICACIONES SAS,0,0.00000,1.00000
CONSULTORIA Y CONEXIONES S.A.S.,0,0.00000,1.00000
DAC INGENIERIAS Y CONSULTORIAS S.A.S,0,0.00000,1.00000
GALANET TELECOMUNICACIONES S.A.S.,0,0.00000,1.00000
QME V SOLUCIONES TECNOLOGICAS SAS,0,0.00000,1.00000
TICLINE S.A.S.,0,0.00000,1.00000
"SISTEMAS, TELECOMUNICACIONES & SEGURIDAD S.A.S",0,0.00000,1.00000
WEBNEXG S.A.S,0,0.00000,1.00000
GESTIONAR COMUNICACIONES S.A.S.,0,0.00000,1.00000
CABLETRONICS SAS,0,0.00000,1.00000
SOLUCIONES DE INGENIERIA E-VOLT TECK S.A.S,0,0.00000,1.00000
NOVATEL COMUNICACIONES ISP ESP SAS,0,0.00000,1.00000
GIG@RED TELECOMINICACIONES S.A.S,0,0.00000,1.00000
CONEX-REDES S.A.S,0,0.00000,1.00000
ARTMAR MEGA BOSTON S.A.S,0,0.00000,1.00000
MEGARED COLOMBIA CIA S.A.S,0,0.00000,1.00000
TERANET S.A.S,0,0.00000,1.00000
ISANET TELECOMUNICACIONES SAS,0,0.00000,1.00000
NOVARED T&S SAS,0,0.00000,1.00000
S.A TELECOMUNICACIONES FINET S.A.S.,0,0.00000,1.00000
WISP INGENIERIA SAS,0,0.00000,1.00000
BUENAVISTA DE ORO S.A.S,0,0.00000,1.00000
BIG DATA SAS,0,0.00000,1.00000
REYMON CONEXIONES S.A.S ZOMAC,0,0.00000,1.00000
COMPUWEB ISP S.A.S,0,0.00000,1.00000
RURAL NET COMUNICACIONES S.A.S,0,0.00000,1.00000
JK. TELECOMUNICACIONES S.A.S ZOMAC,0,0.00000,1.00000
GLOBAL CONNECTION TICS TICS S.A.S,0,0.00000,1.00000
INTER RED SAS,0,0.00000,1.00000
NOVANET DIGITAL S.A.S,0,0.00000,1.00000
BLU TELECOMUNICACIONES S.A.S.,0,0.00000,1.00000
COMPUSOLUCIONES Y TELECOMUNICACIONES C&H SAS,0,0.00000,1.00000
DRAN DIGITAL S.A.S.,0,0.00000,1.00000
REDECONES DE OCCIDENTE S.A.S.,0,0.00000,1.00000
TECNOLOGIAS DEL VALLE S.A.S.,0,0.00000,1.00000
SKYPRO SOLUCIONES Y CONECTIVIDAD SAS,0,0.00000,1.00000
SOLUCIONES DIGITAL CONNECTIONS SAS,0,0.00000,1.00000
INTERMAX INTERNET INALAMBRICO S.A.S,0,0.00000,1.00000
TELCAB S.A.S,0,0.00000,1.00000
ORBIMAX S.A.S,0,0.00000,1.00000
TELCOFIBER SAS SOLUCIONES INTEGRALES EN INGENIERIA DE TICS,0,0.00000,1.00000
DIAMOND SECURITY SYSTEMS S.A.S,0,0.00000,1.00000
D-NETWORK COMUNICACIONES S.A.S,0,0.00000,1.00000
MV COMUNICACIONES DEL VALLE S.A.S,0,0.00000,1.00000
ASOCIACION DE COPROPIETARIOS DEL SISTEMA DE TELECOMUNICACIONES VILLAPINZON,0,0.00000,1.00000
ATM COMUNICACIONES SAS,0,0.00000,1.00000
CORPORACION ANTENA PARABOLICA BARRIO EL SALVADOR,0,0.00000,1.00000
SISTCO SISTEMAS Y COMUNICACIONES SAS,0,0.00000,1.00000
SMARTTOWN SAS,0,0.00000,1.00000
G&A GRUPO EMPRESARIAL S.A.S,0,0.00000,1.00000
LEOTAU COMUNICACIONES S.A.S.,0,0.00000,1.00000
EASY NETWORK REDES Y TELECOMUNICACIONES SAS,0,0.00000,1.00000
ANTENA DE TELEVISION YUMBO S.A.S,0,0.00000,1.00000
CPM SOLUCIONES INTEGRALES S. A. S.,0,0.00000,1.00000
"CONSTRUCCION, GESTION, VELOCIDAD Y ESTRATEGIAS DE TELECOMUNICACIONES S.A.S",0,0.00000,1.00000
GER CONNECTION S.A.S,0,0.00000,1.00000
AMETRONIC COMUNICACIONES SAS,0,0.00000,1.00000
OK COMUNICACIONES SERVICIOS DE INGENIERIA Y REDES SAS,0,0.00000,1.00000
REAL INNOVACION EN EL DESARROLLO TECNICO BARRANCABERMEJA SANTANDER S.A.S,0,0.00000,1.00000
SIENERCOM COLOMBIA SAS,0,0.00000,1.00000
NETTWINS S.A.S.,0,0.00000,1.00000
SOLUCIONES EN REDES DE FIBRA OPTICA SAS,0,0.00000,1.00000
STREAMFAST S.A.S.,0,0.00000,1.00000
JECBSOLUTIONS SAS,0,0.00000,1.00000
BT COLOMBIA LTDA.,0,0.00000,1.00000
INTERNET FLASHNET S.A.S.,0,0.00000,1.00000
ORGANIZACION DE COMUNICACIONES TELECARIBE S.A.S,0,0.00000,1.00000
MEGA PLUS SAS,0,0.00000,1.00000
SOLUCIONES EN FIBRA OPTICA E INTERNET SOFI S.A.S,0,0.00000,1.00000
LEOWISP SAS,0,0.00000,1.00000
COMUNICACIONES VIA RADIO SAS,0,0.00000,1.00000
SOLINGWEB. NET S.A.S.,0,0.00000,1.00000
TECNOSERVICOM S.A.S.,0,0.00000,1.00000
MTV SOLUTTIE SAS,0,0.00000,1.00000
MEDIACAST BROADBAND SAS,0,0.00000,1.00000
"COLOMBIANA DE SERVICIOS PUBLICOS, SOCIEDAD ANONIMA SIMPLIFICADA, EMPRESA SER",0,0.00000,1.00000
FIBERNEXT S.A.S,0,0.00000,1.00000
RODRIGO CUSHCAGUA OYAGATA,0,0.00000,1.00000
KABLE NET J & J S.A.S.,0,0.00000,1.00000
GRCOM.NET S.A.S,0,0.00000,1.00000
UNIRED TELECOMUNICACIONES S.A.S,0,0.00000,1.00000
DEAN WISP SAS,0,0.00000,1.00000
CYBERNET INTERNET RURAL S.A.S.,0,0.00000,1.00000
WIRELESS TECHNOLOGY SAS,0,0.00000,1.00000
VIRA TELECOMUNICACIONES S.A.S.,0,0.00000,1.00000
CORPORACIÓN GUANEVISION T.V.,0,0.00000,1.00000
CABLEANTEL S.A.S.,0,0.00000,1.00000
COMFLYTEL S.A.S.,0,0.00000,1.00000
SERVIRED COMUNICACIONES S.A.S,0,0.00000,1.00000
BIZNET S.A.S.,0,0.00000,1.00000
CONECTATE A MI RED S.A.S.,0,0.00000,1.00000
NEXT CONNECTION S.A.S,0,0.00000,1.00000
IPSEL S.A.S.,0,0.00000,1.00000
INTECOM TELECOMUNICACIONES S.A.S,0,0.00000,1.00000
EJECOM TECNOLOGIA Y REDES DEL EJE CAFETERO S.A.S.,0,0.00000,1.00000
COMUNICACION Y TECNOLOGIA SAS,0,0.00000,1.00000
RTC COMUNICACIONES S.A.S,0,0.00000,1.00000
GLOBAL DE SERVICIOS COMPANY S.A.S,0,0.00000,1.00000
TRIPLE NET SAS,0,0.00000,1.00000
VIVANET SAS,0,0.00000,1.00000
ONEPLUS ELECTRONICA SOFTWARE Y TELECOMUNICACIONES SAS,0,0.00000,1.00000
WN CONECTADOS.COM SAS,0,0.00000,1.00000
JIGARTEL S.A.S.,0,0.00000,1.00000
CLIK TELECOMUNICACIONES SAS,0,0.00000,1.00000
ENLACES.NET.HUILA SAS,0,0.00000,1.00000
HYH COMUNICACIONES S.A.S,0,0.00000,1.00000
WINS SOLUCIONES SAS,0,0.00000,1.00000
INTELNEXT SAS,0,0.00000,1.00000
TECNOSOLUCIONES DENAR S.A.S.,0,0.00000,1.00000
CONECTATE CALI S.A.S,0,0.00000,1.00000
AURICOM E.U.,0,0.00000,1.00000
AMO COMUNICACIONES S.A.S.,0,0.00000,1.00000
BITT S.A.S.,0,0.00000,1.00000
ORBETEC SAS,0,0.00000,1.00000
POLINET TELECOMUNICACIONES COLOMBIA SAS,0,0.00000,1.00000
DEVELOPMENT OF BIG TECHNOLOGIES - DOBIT S.A.S.,0,0.00000,1.00000
INTRANET COMUNICACIONES Y SERVICIOS SAS,0,0.00000,1.00000
CONEXIONES INALAMBRICAS DEL TOLIMA S.A.S,0,0.00000,1.00000
SOTO NORTE DIGITAL S.A.S ZOMAC,0,0.00000,1.00000
INFORMACION Y TECNOLOGIA S.A.,0,0.00000,1.00000
CONECTATE COMUNICACIONES DEL PACIFICO S.A.S,0,0.00000,1.00000
ALNET TELECOMUNICACIONES S.A.S,0,0.00000,1.00000
L3 ACCESS S.A.S.,0,0.00000,1.00000
LATCOM LATINOAMERICANA DE TELECOMUNICACIONES S.A.,0,0.00000,1.00000
INTEROS - INTERNET SERVICE S.A.S.,0,0.00000,1.00000
GARAING S.A.S.,0,0.00000,1.00000
COMPUNETWORK RENTING S.A.S,0,0.00000,1.00000
ZONA WIFI INTERNETJHONF S.A.S,0,0.00000,1.00000
INTERWORK COMUNICACIONES S.A.S.,0,0.00000,1.00000
MUNDOTIK S.A.S.,0,0.00000,1.00000
SERVICIOS INTEGRALES TC S.A.S,0,0.00000,1.00000
DIASCON INGENIERIA S.A.S,0,0.00000,1.00000
ACTIVATE.WEB S.A.S,0,0.00000,1.00000
ZAFIRO TELECOMUNICACIONES SAS,0,0.00000,1.00000
REDES Y SEGURIDAD DE COLOMBIA S.A.S,0,0.00000,1.00000
KONECTIC SAS,0,0.00000,1.00000
H&A TELECOMUNICACIONES S.A.S.,0,0.00000,1.00000
PLEXTEL COMUNICACIONES SAS,0,0.00000,1.00000
EMPRESA DE TELECOMUNICACIONES DE LA COSTA - COSTATEL S.A ESP,0,0.00000,1.00000
PLUG IN INGENIERIA S.A.S,0,0.00000,1.00000
AIM CONNECT SAS,0,0.00000,1.00000
NATIONAL INTERDATA S.A.S.,0,0.00000,1.00000
WIRETEL S.A.S.,0,0.00000,1.00000
@DIGITAL GROUP SAS,0,0.00000,1.00000
REDESMAS.NET S.A.S,0,0.00000,1.00000
TEVECOM SAS,0,0.00000,1.00000
CABLEFUTURO TV S.A.S,0,0.00000,1.00000
FIBERNET COLOMBIA S.A.S,0,0.00000,1.00000
TECH SYSTEM PLUS TELECOMUNICACIONES SAS,0,0.00000,1.00000
ORION COMUNICACIONES CHOACHI SAS,0,0.00000,1.00000
COMUNICACIONES ESTELARES DE COLOMBIA  S.A.S.,0,0.00000,1.00000
TV CABLE EL CENTRO SAS,0,0.00000,1.00000
IT COMUNICACIONES SAS,0,0.00000,1.00000
CORPORACION CIVICA PROGRESAR,0,0.00000,1.00000
GAME INC,0,0.00000,1.00000
RADIO FRECUENCIA COMUNICACIONES S A S,0,0.00000,1.00000
GLOBALNET INGENIERIA SAS,0,0.00000,1.00000
TV RED ABREGO S.A.S,0,0.00000,1.00000
ALTITUD STUDIOS S A S,0,0.00000,1.00000
CONECTIC TELECOMUNICACIONES S.A.S,0,0.00000,1.00000
TV GAITAN TELECOMUNICACIONES S.A.S,0,0.00000,1.00000
TORNET COMUNICACIONES S.A.S,0,0.00000,1.00000
SEPCOM COMUNICACIONES SAS,0,0.00000,1.00000
NAVEGA COMUNICACIONES SAS,0,0.00000,1.00000
INVERSA S.A.S,0,0.00000,1.00000
WEBEX S.A.S,0,0.00000,1.00000
INTERCOMM DE NARIÑO SAS,0,0.00000,1.00000
INTERCOM SOLUCIONES TECNOLOGICAS SAS,0,0.00000,1.00000
UHF COMUNICACIONES SAS,0,0.00000,1.00000
SUPER WOW COLOMBIA S.A.S.,0,0.00000,1.00000
WISP SUCRE S.A.S.,0,0.00000,1.00000
UBIPREL S.A.S,0,0.00000,1.00000
IMB INGENIERIA EN REDES SAS,0,0.00000,1.00000
TV CABLE COLOMBIA SAS COLCABLE,0,0.00000,1.00000
ASOCIACION TELEVISION DE SUPIA CALDAS,0,0.00000,1.00000
CABLE NET CUCUTA SAS,0,0.00000,1.00000
RAM-NETWORK S.A.S,0,0.00000,1.00000
CABLENET PLUS S.A.S. ZOMAC,0,0.00000,1.00000
REGIONAL DE SERVICIOS DE TELECOMUNICACIONES ZOMAC S.A.S,0,0.00000,1.00000
EXODO 20 FIBRA OPTICA S.A.S.,0,0.00000,1.00000
RADIONET SOLUCIONES S.A.,0,0.00000,1.00000
SERVICONECTION SAS,0,0.00000,1.00000
INTERMEGAMUNDO PARTNERS SAS,0,0.00000,1.00000
INTESOGAMOSO COMUNICACIONES S.A.S,0,0.00000,1.00000
HYDRA SOLUCIONES EMPRESARIALES INGENIERIA SAS,0,0.00000,1.00000
GTEL TELECOMUNICACIONES S.A.S.,0,0.00000,1.00000
SOLUCIONES INTEGRALES EN TECNOLOGIA Y SEGURIDAD COMPUSEG S.A.S,0,0.00000,1.00000
CONREDES IM SAS,0,0.00000,1.00000
CORPORACION DE COPROPIETARIOS DE LA SEÑAL PARABOLICA DE ABEJORRAL COSPABE,0,0.00000,1.00000
CAFETEL TV SAS,0,0.00000,1.00000
SOLUCIONES ESTRATÉGICAS DE TELECOMUNICACIONES S.A.S.,0,0.00000,1.00000
GLOBAL PLAY SAS,0,0.00000,1.00000
EDCOM TELECOMUNICACIONES S.A.S.,0,0.00000,1.00000
INTERCOL WISP S.A.S.,0,0.00000,1.00000
CORPORACION DE TELECOMUNICACIONES MARIALABAJA,0,0.00000,1.00000
NETWORKS INTERCONNECTED BY EXPERTS COMUNICACIONES S.A.S,0,0.00000,1.00000
TV MOJANA S.A.S,0,0.00000,1.00000
COOPERATIVA MULTIACTIVA DE BORRERO AYERBE,0,0.00000,1.00000
TELECOMUNICACIONES FACILRED S.A.S.,0,0.00000,1.00000
ISP PROVEEDOR DE SERVICIOS DE INTERNET S.A.S,0,0.00000,1.00000
INTERED COLOMBIA S.A.S,0,0.00000,1.00000
LD LUCIANA TELECOMUNICACIONES S.A.S,0,0.00000,1.00000
INTERGALAXIA SOCIEDAD POR ACCIONES SIMPLIFICADA,0,0.00000,1.00000
SPEED NET INTERNET AL ALCANCE DE TODOS S.A.S,0,0.00000,1.00000
MEG@NET TVCOMUNICACIONES S.A.S,0,0.00000,1.00000
FJC TELECOMUNICACIONES SAS,0,0.00000,1.00000
CABLENET DEL SUR TELECOMUNICACIONES SAS,0,0.00000,1.00000
TECNOLOGIAS MERCATECH S.A.S,0,0.00000,1.00000
IPCOM SISTEMAS S.A.S,0,0.00000,1.00000
STARNET.NET S.A.S.,0,0.00000,1.00000
GLOBALWIFI SAS,0,0.00000,1.00000
ONDAS TECNOLOGIA Y COMUNICACIONES LTDA,0,0.00000,1.00000
MCA TELECOMUNICACIONES SAS,0,0.00000,1.00000
WILGOM TELECOMUNICACIONES SAS,0,0.00000,1.00000
FABRIMETAL ARROYAVE S.A.S.,0,0.00000,1.00000
TV MAC S.A.S.,0,0.00000,1.00000
ACERDI SOLUCIONES INTELIGENTE S.A.S,0,0.00000,1.00000
REDES TV SAT S.A.S,0,0.00000,1.00000
SION TELECOMUNICACIONES S.A.S,0,0.00000,1.00000
OCCITEL TELECOMUNICACIONES SAS,0,0.00000,1.00000
CNC DEL MAR S.A.S E.S.P,0,0.00000,1.00000
OV TV TELECOMUNICACIONES SAS,0,0.00000,1.00000
COMPAÑIA INTEGRAL DE RECURSOS EN TELECOMUNICACIONES SAS,0,0.00000,1.00000
TOTAL BAND COMUNICACIONES S.A.S,0,0.00000,1.00000
IMPORIENTE SOLUCIONES GLOBALES S.A.S,0,0.00000,1.00000
ASOCIACION DE COPROPIETARIOS DE LA ANTENA PARABOLICA DE GACHANCIPA,0,0.00000,1.00000
MAS NET S.A.S,0,0.00000,1.00000
SITELINKS SAS,0,0.00000,1.00000
PANDORA SOLUCIONES INFORMATICAS Y WIRELESS W.I.S.P S.A.S.,0,0.00000,1.00000
NET2COM SAS,0,0.00000,1.00000
PCNET.COM S.A.S,0,0.00000,1.00000
EMPRESA DE TELECOMUNICACIONES DE PALMIRA ETP S.A.S.,0,0.00000,1.00000
OPTILINK SAS,0,0.00000,1.00000
SERVICIOS PUNTO AZUL COMUNICACIONES S.A.S.,0,0.00000,1.00000
EMPRESA PRESTADORA DE SERVICIOS DE INTERNET Y TELEVISION SUR DE BOLIVAR S.A.S.,0,0.00000,1.00000
TV Y COMUNICACIONES J.L. S.A.S.,0,0.00000,1.00000
SOMOS NETWORKS COLOMBIA S.A.S. BIC,0,0.00000,1.00000
VIVO TELECOMUNICACIONES S.A.S.,0,0.00000,1.00000
SANTELELLANO SAS,0,0.00000,1.00000
REDES DIGITALES SAN CARLOS SAS,0,0.00000,1.00000
DATA-TELC COMUNICACIONES SAS,0,0.00000,1.00000
ASOCIACION DE COPROPIETARIOS DE TELEVISION COMUNITARIA DE LA UNION - VALLE UNITV,0,0.00000,1.00000
IP RED LTDA.,0,0.00000,1.00000
SISTELME SAS,0,0.00000,1.00000
MEGAS.NET S.A.S.,0,0.00000,1.00000
WANBRIDGE SAS,0,0.00000,1.00000
LOGYCABLE S.A.S.,0,0.00000,1.00000
INVERSIONES Y COMUNICACIONES SATELITALES - INVERSAT S.A.S.,0,0.00000,1.00000
FACIL COMUNICACIONES SAS,0,0.00000,1.00000
INTELRED GROUP SAS,0,0.00000,1.00000
RAPILINK S.A.S.,0,0.00000,1.00000
SERVIYA.NET S.A.S,0,0.00000,1.00000
GLOBALTRONIK S.A.S,0,0.00000,1.00000
BANSAT S.A.,0,0.00000,1.00000
COMUNICACIONES SUR COLOMBIANA S.A.S,0,0.00000,1.00000
TV&MÁS S.A.S,0,0.00000,1.00000
TUCABLE S.A.S.,0,0.00000,1.00000
FIBERLINKNETWORKS S.A.S,0,0.00000,1.00000
COOPERATIVA DE SERVICIOS PUBLICOS SONSON LTDA SERVICOOPS E.S.P.,0,0.00000,1.00000
TVCABLE TELECOMUNICACIONES S.A.S.,0,0.00000,1.00000
INZANET SAS,0,0.00000,1.00000
SPACE COMUNICACIONES S.A.S.,0,0.00000,1.00000
WIRELESS COLOMBIA S.A.S.,0,0.00000,1.00000
SERVYCOM COLOMBIA SAS,0,0.00000,1.00000
SERVICIOS INTEGRALES TELECOMUNICACIONES SAS,0,0.00000,1.00000
VISION SATELITAL COMUNICACIONES S.A.S.,0,0.00000,1.00000
DIGINORTE S.A.S.,0,0.00000,1.00000
UNICABLE H.D. SAS,0,0.00000,1.00000
GRUPO UNO TELECOMUNICACIONES SAS,0,0.00000,1.00000
MIRAVISION S.A.S,0,0.00000,1.00000
ALFANET TV S.A.S,0,0.00000,1.00000
VOJ NETWORK CORP S.A.S,0,0.00000,1.00000
CABLETAME S A S,0,0.00000,1.00000
SERVICIOS PROFESIONALES WICOM S.A.S,0,0.00000,1.00000
CLICK HD COLOMBIA S.A.S.,0,0.00000,1.00000
FORERO & CIA COMUNICACIONES S.A.S.,0,0.00000,1.00000
TUNORTETV TELECOMUNICACIONES S.A.S,0,0.00000,1.00000
SUPERFIBRAS COLOMBIA SAS,0,0.00000,1.00000
RED PLANET TELECOMUNICACIONES SAS,0,0.00000,1.00000
HOME TV COMUNICACIONES S.A.S.,0,0.00000,1.00000
GENIONET TELECOMUNICACIONES SAS,0,0.00000,1.00000
CORPORACION ANTENA PARABOLICA GALAXIA EL PEÑOL,0,0.00000,1.00000
ASONET COLOMBIA LTDA,0,0.00000,1.00000
HUGHES DE COLOMBIA S.A.S.,0,0.00000,1.00000
RURALINK S.A.S,0,0.00000,1.00000
TIRIAN TELECOMUNICACIONES S.A.S.,0,0.00000,1.00000
CODISERT S.A.,0,0.00000,1.00000
SUPERREDES SAS,0,0.00000,1.00000
CONEXIONES TECNOLOGICAS Y COMUNICACION SAS,0,0.00000,1.00000
ENERGIA INTEGRAL ANDINA S.A.,0,0.00000,1.00000
FIESTA TELECOMUNICACIONES SAS,0,0.00000,1.00000
EME S.A.,0,0.00000,1.00000
CELSIA COLOMBIA S.A. E.S.P.,0,0.00000,1.00000
CABLE EXITO SAS,0,0.00000,1.00000
VELONET S.A.S,0,0.00000,1.00000
BITOL S.A.S,0,0.00000,1.00000
DOBLECLICK SOFTWARE E INGENIERIA S.A.S. ,0,0.00000,1.00000
TSG THE IT EXPERTS SAS,0,0.00000,1.00000
TV COLOMBIA DIGITAL SAS,0,0.00000,1.00000
HS NETWORKS SAS,0,0.00000,1.00000
LOGISTICA INTEGRAL SATELITAL S.A.S.,0,0.00000,1.00000
CABLE CAUCA S.A,0,0.00000,1.00000
CABLELINEA S.A.S.,0,0.00000,1.00000
UNIMOS EMPRESA MINICIPAL DE TELECOMUNICACIONES DE IPIALES S.A. E.S.P.,0,0.00000,1.00000
AVIDTEL E.U.,0,0.00000,1.00000
KALU DE COLOMBIA SAS,0,0.00000,1.00000
FIBERNET TV S.A.S,0,0.00000,1.00000
ALK NET LTDA,0,0.00000,1.00000
2RED INTERNET REDES Y HOSTING LTDA,0,0.00000,1.00000
MEGANET TV S.A.S,0,0.00000,1.00000
AYSATEC TELECOMUNICACIONES S.A.S.,0,0.00000,1.00000
TEKCOM TECNOLOGIA Y COMUNICACIONES SAS,0,0.00000,1.00000
TELNET ISP S.A.S.,0,0.00000,1.00000
TELNET WIRELESS SAS,0,0.00000,1.00000
ENIGMA IMCT SAS,0,0.00000,1.00000
TELENET DIGITAL S.A.S.,0,0.00000,1.00000
COMPAÑIA COLOMBIANA DE TELECOMUNICACIONES SAS,0,0.00000,1.00000
DANHER REDES Y SERVICIOS S.A.S.,0,0.00000,1.00000
ASISTENCIA COMUNICACIONES S.A.S,0,0.00000,1.00000
LINK GROUP TELECOMUNICACIONES S.A.S,0,0.00000,1.00000
BOR - CONEXIONES S A S,0,0.00000,1.00000
TPE COMUNICACIONES COLOMBIA SAS,0,0.00000,1.00000
DIFUDATOS S A S,0,0.00000,1.00000
CLICK-CONECTIVIDAD SIN FRONTERAS S.A.S,0,0.00000,1.00000
COMUNICACIONES Y SERVICIOS BRIYOVI S.A.S.,0,0.00000,1.00000
SINERGIA SOLUTIONS S.A.S.,0,0.00000,1.00000
SUNNOVA SAS,0,0.00000,1.00000
CABLE NET UNIVERSAT S.A.S,0,0.00000,1.00000
AFCV COMUNICACIONES SAS,0,0.00000,1.00000
INTERYA S.A.S,0,0.00000,1.00000
AROS COMUNICACIONES LIMITADA,0,0.00000,1.00000
GB NET TV SAS,0,0.00000,1.00000
FIBERCOM TV S.A.S,0,0.00000,1.00000
B GROUP INGENIERIA S.A.S,0,0.00000,1.00000
INVERSIONES GERIOS S.A.S.,0,0.00000,1.00000
FIBRANET SAS,0,0.00000,1.00000
"SOCIEDAD DE TELEVISION, MERCADEOS Y TELECOMUNICACIONES S.A.S",0,0.00000,1.00000
COMUNICACIONES REDES Y ENLACES SAS,0,0.00000,1.00000
SERVISYSTEN SAS,0,0.00000,1.00000
SERKOI SERVICIOS DE CONECTIVIDAD INALAMBRICA SAS,0,0.00000,1.00000
DIGITVNET S.A.S,0,0.00000,1.00000
LIGA DE TELEVIDENTES Y SERVICIOS COMUNITARIOS DEL MUNICIPIO DE CHIA,0,0.00000,1.00000
WALIX S.A.S.,0,0.00000,1.00000
PARABOLICAS HULIG LTDA,0,0.00000,1.00000
SUPERACTIVA S.A.S.,0,0.00000,1.00000
ESG COMUNICACIONES S.A.S,0,0.00000,1.00000
MAX TV SAS,0,0.00000,1.00000
LOGISTICA EN TELECOMUNICACIONES S.A.S.,0,0.00000,1.00000
JASTANET SAS,0,0.00000,1.00000
REDES INTERACTIVAS GROUP SAS,0,0.00000,1.00000
WG COMUNICACIONES SAS,0,0.00000,1.00000
L.C COMUNICACIONES E U,0,0.00000,1.00000
REDNET GROUP S.A.S,0,0.00000,1.00000
CABLENETBAG S.A.S,0,0.00000,1.00000
SERVICIOS SMAI GROUP S.A.S.,0,0.00000,1.00000
ASOCIACION COMUNITARIA PARABOLICA GRANADA,0,0.00000,1.00000
ASOCIACION DE TELEVISION TELEBOYACA,0,0.00000,1.00000
ORIENTE MÍO TELECOMUNICACIONES S.A.S ZOMAC,0,0.00000,1.00000
LIBRE COMUNICACIONES SAS,0,0.00000,1.00000
CABLE DIGITAL DE COLOMBIA SAS,0,0.00000,1.00000
VPN INGENIERÍA EN TELECOMUNICACIONES S.A.S.,0,0.00000,1.00000
WORLD CONNECTIONS S.A.S.,0,0.00000,1.00000
SOLUCIONES TECNOLOGICAS NUEVO MUNDO S.A.S,0,0.00000,1.00000
TOP LINK S.A.S,0,0.00000,1.00000
WIFINET TELECOMUNICACIONES S.A.S,0,0.00000,1.00000
SARDINATA NETWORKS SAS,0,0.00000,1.00000
ASOCIACION COMUNITARIA DE TELECOMUNICACIONES DE EL RETIRO,0,0.00000,1.00000
 INTERNET Y TELEVISIÓN DE COLOMBIA SOCIEDAD POR ACCIONES SIMPLIFICADA,0,0.00000,1.00000
TELCAD DIGITAL TV COMUNICACIONES SAS,0,0.00000,1.00000
FC COMUNICACIONES S.A.S,0,0.00000,1.00000
ACERONETTV SOCIEDAD POR ACCIONES SIMPLIFICADA,0,0.00000,1.00000
ASOCIACION COMUNITARIA DE TELECOMUNICACIONES,0,0.00000,1.00000
NARENET S.A.S ZOMAC,0,0.00000,1.00000
DM SOLUCIONES TELEMATICAS S.A.S,0,0.00000,1.00000
SERVIRED SYJ S.A.S,0,0.00000,1.00000
CONECTANDO ANDO SAS,0,0.00000,1.00000
BARULE TELECOMUNICACIONES S.A.S.,0,0.00000,1.00000
LKS SOLUCIONES INFORMATICAS S.A.S,0,0.00000,1.00000
COTV@S TELECOMUNICACIONES S.A.S,0,0.00000,1.00000
DICAR TELECOMUNICACIONES S.A.S.,0,0.00000,1.00000
SERVICIOS DE CONECTIVIDAD S.A.S.,0,0.00000,1.00000
WIFIMAX NETWORK S.A.S,0,0.00000,1.00000
CISNEROS TELECOMUNICACIONES S.A.S,0,0.00000,1.00000
GLOBALNET I.S.P. SAS,0,0.00000,1.00000
COOPERATIVA MULTIACTIVA DE SERVICIOS INTEGRALES COOSUMA SIGLA COOSUMA,0,0.00000,1.00000
CYD COMUNICACIONES SAS,0,0.00000,1.00000
Proveedor de Telecomunicaciones SAS,0,0.00000,1.00000
NETSLINK S.A.S,0,0.00000,1.00000
POWERLINK SERVICES SAS,0,0.00000,1.00000
INTERMAX TELECOMUNICACIONES S.A.S,0,0.00000,1.00000
IO SUPPLY S.A.S.,0,0.00000,1.00000
ASOCIACION SAMANIEGUENSE DE TELEVISION POR CABLE ASOTVCABLE,0,0.00000,1.00000
WIFI ALTERNATIVO VALLE S.A.S,0,0.00000,1.00000
OSPIREDES S.A.S,0,0.00000,1.00000
COMUNICACIONES MARFE SOCIEDAD POR ACCIONES SIMPLIFICADA,0,0.00000,1.00000
TOTAL CONEXION 10D S.A.S,0,0.00000,1.00000
YESTCOBE COMUNICACIONES SAS,0,0.00000,1.00000
REDES Y TELECOMUNICACIONES INGENIERÍA SAS,0,0.00000,1.00000
MEGARED DE COLOMBIA SAS,0,0.00000,1.00000
ADN SYSTEM COMUNICACIONES SAS,0,0.00000,1.00000
DIGITAL COAST S.A.S.,0,0.00000,1.00000
TECNO MELCON SAS,0,0.00000,1.00000
CONECTAMOS SOLUCIONES S.A.S,0,0.00000,1.00000
CABLE HOGAR.NET S.A.S.,0,0.00000,1.00000
COSMONET COMUNICACIONES COLOMBIA S.A.S.,0,0.00000,1.00000
CONEXION R&G S.A.S.,0,0.00000,1.00000
TURBOMAX TELECOMUNICACIONES S.A.S.,0,0.00000,1.00000
INTERURAL SAS,0,0.00000,1.00000
VIP SERVICIOS INTELIGENTES S.A.S,0,0.00000,1.00000
CITYNET ISP SAS,0,0.00000,1.00000
INFINITELCOM SOLUCIONES S.A.S,0,0.00000,1.00000
SOCIEDAD GOMEZ TORRES Y ALVAREZ ARENAS COMPAÑIA LIMITADA,0,0.00000,1.00000
CONNECTION TELECOMUNICACIONES ISP S.A.S,0,0.00000,1.00000
WHOME WH SAS,0,0.00000,1.00000
CUNDINET WIRELESS S.A.S.,0,0.00000,1.00000
GPM ELECTROCOM S.A.S.,0,0.00000,1.00000
EASYNET GROUP S.A.S,0,0.00000,1.00000
MAXTECHNOLOGY COMUNICACIONES S.A.S,0,0.00000,1.00000
JHS INTERNET S.A.S,0,0.00000,1.00000
SUMERTEL COMUNICACIONES S.A.S.,0,0.00000,1.00000
CONEXION WISP S.A.S,0,0.00000,1.00000
SOLUCIONES & COMUNICACIONES TICS SAS,0,0.00000,1.00000
DRG-SOLUCIONES SAS,0,0.00000,1.00000
SMART INVERSIONES & CONSTRUCCIONES INTELIGENTES,0,0.00000,1.00000
G&C REDES S.A.S,0,0.00000,1.00000
TV ZONA BANANERA S.A.S,0,0.00000,1.00000
FIBER HOME TELECOMUNICACIONES SAS,0,0.00000,1.00000
TOKIO DEL PACIFICO S.A.S,0,0.00000,1.00000
ECOWIRELESS SAS,0,0.00000,1.00000
IRP - ONE S.A.S,0,0.00000,1.00000
ID INTEGRACION DIGITAL SAS,0,0.00000,1.00000
MAX INTER FIBRA S.A.S.,0,0.00000,1.00000
SINTEL WISP S.A.S,0,0.00000,1.00000
TELECOMUNICACIONES ARGENTINA SAS,0,0.00000,1.00000
ASOCIACION DE TELEVIDENTES DE MANI,0,0.00000,1.00000
INVERSIONES BEDOYA RAMIREZ S.A.S.,0,0.00000,1.00000
A&G MUNDO EN LINEA SAS,0,0.00000,1.00000
BIOCONSTRUCTORES ASOCIADOS S.A.S,0,0.00000,1.00000
CIBER-NET-ALIDAD SAS,0,0.00000,1.00000
MEGACABLE TELECOMUNICACIONES S.A.S,0,0.00000,1.00000
ADPROTV SAS,0,0.00000,1.00000
RASER TELECOMUNICACIONES S.A.S.,0,0.00000,1.00000
GEDCOM S.A.S,0,0.00000,1.00000
CABLE EXPRESS DE COLOMBIA LTDA,0,0.00000,1.00000
RED DE INGENIERÍA SAS - INRED,0,0.00000,1.00000
INVERSIONES RODRIGUEZ MEJIA S.A.S,0,0.00000,1.00000
G&C INGENIEROS SAS,0,0.00000,1.00000
JERSAL TELECOMUNICACIONES S.A.S,0,0.00000,1.00000
SERVIRED LMA COMUNICACIONES SAS,0,0.00000,1.00000
OPTICLINE PLUS TELECOMUNICACIONES S.A.S.,0,0.00000,1.00000
ABIEL.NET SAS,0,0.00000,1.00000
INGETTEL LTDA,0,0.00000,1.00000
MEGA FIBRA SAS,0,0.00000,1.00000
SYSNETWORK NETSA SAS,0,0.00000,1.00000
FIBERNET ISP ZOMAC SAS,0,0.00000,1.00000
MERNAHF SAS,0,0.00000,1.00000
TIENDAS TECNOLÓGICAS MEGARED S.A.S ZOMAC,0,0.00000,1.00000
MANAR.NET S.A.S.,0,0.00000,1.00000
ZULDEMAYDA COMUNICACIONES,0,0.00000,1.00000
PEOPLE NET. TELECOMUNICACIONES Y TECNOLOGIA S.A.S,0,0.00000,1.00000
SOLUCIONES DIGITALES.COM S.A.S,0,0.00000,1.00000
RM TELECOMUNICACIONES MOMPOS S.A.S,0,0.00000,1.00000
PROVINET TELECOMUNICACIONES SAS,0,0.00000,1.00000
SM@RT NETWORK S.A.S.,0,0.00000,1.00000
CONVERGENCIA DIGITAL S.A.S.,0,0.00000,1.00000
SANEST SAS,0,0.00000,1.00000
SERVIREDES CALI SAS,0,0.00000,1.00000
SERVISKYNET TELECOMUNICACIONES S.A.S.,0,0.00000,1.00000
WISPER INTERNET INALAMBRICO S.A.S,0,0.00000,1.00000
TELECOMUNICACIONES FACILRED FJM S.A.S. ZOMAC,0,0.00000,1.00000
IP COMUNICACIONES DEL VALLE ZOMAC S.A.S,0,0.00000,1.00000
TECNISOLUCIONES DENAR SAS,0,0.00000,1.00000
BLUE TRADERS SAS,0,0.00000,1.00000
CORPORACION CIVICA ESTACION COMUNITARIA DE TELEVISION PERLA DEL TATAMA,0,0.00000,1.00000
FIBRAWISP S.A.S,0,0.00000,1.00000
K & L COMUNICACIONES HATO S.A.S,0,0.00000,1.00000
SERVICIOS Y SOLUCIONES TV S.A.S.,0,0.00000,1.00000
CAQUEZA TV Y TELECOMUNICACIONES SAS,0,0.00000,1.00000
QUALITY NET JM S.A.S. ZOMAC,0,0.00000,1.00000
INTERNORTE DIGITAL S.A.S.,0,0.00000,1.00000
CONECTA COMUNICACIONES SAS,0,0.00000,1.00000
SERVICIOS SATELITALES INTEGRADOS S.A.S.,0,0.00000,1.00000
INTERCARIBE TV S.A.S.,0,0.00000,1.00000
ASOCIACION DE TELEVIDENTES DE GUACHETA,0,0.00000,1.00000
SYK SOLUCIONES SAS,0,0.00000,1.00000
SERVICIOS INTEGRALES DE TELECOMUNICACIONES TURISMO ENERGIA Y CONSTRUCCION SERVIT,0,0.00000,1.00000
SERVINET REDES Y SISTEMAS SAS ZOMAC,0,0.00000,1.00000
SUPERCABLE TELECOMUNICACIONES SAS,0,0.00000,1.00000
GC HOGAR.NET S.A.S.,0,0.00000,1.00000
ANTNET COMUNICACIONES S.A.S.,0,0.00000,1.00000
HOLA WE DIGITAL S.A.S,0,0.00000,1.00000
NANO TECNOLOGY S.A.S.,0,0.00000,1.00000
OSEGUTV SAS,0,0.00000,1.00000
TELEPROMTV SAS,0,0.00000,1.00000
UFINET COLOMBIA S.A,0,0.00000,1.00000
L@TINNETWORK SAS,0,0.00000,1.00000
MARTZFIBRA S.A.S,0,0.00000,1.00000
MEGANET TELECOMUNICACIONES S.A.S,0,0.00000,1.00000
TELECOMUNICACIONES E INTERNET DE COLOMBIA SAS,0,0.00000,1.00000
ZABUD TECHNOLOGIES S.A.S,0,0.00000,1.00000
INTER FIBRA SAS E.S.P.,0,0.00000,1.00000
TELENET DATOS.NET S.A.S,0,0.00000,1.00000
CONECTANDO FRONTERAS S.A.S,0,0.00000,1.00000
FIBRANETPLUS S.A.S.,0,0.00000,1.00000
DISTRICABLES LTDA,0,0.00000,1.00000
AJ GLOBAL PROYECTOS NET S.A.S.,0,0.00000,1.00000
ASOCIACION DE ANTENA PARABOLICA  COMUNITARIA SIN ANIMO DE LUCRO SAN ROQUE,0,0.00000,1.00000
COVINET INGENIERIA SAS,0,0.00000,1.00000
ISPA TELECOMUNICACIONES S.A.S,0,0.00000,1.00000
REDES F.OPTICAS S.A.S.,0,0.00000,1.00000
C&C WIFI SAS,0,0.00000,1.00000
REDES INTELIGENTES GG S A S,0,0.00000,1.00000
GMARTEL SOLUCIONES INTEGRALES Y TELECOMUNICACIONES S.A.S,0,0.00000,1.00000
BITS PLAY S.A.S.,0,0.00000,1.00000
ASOCIACION CIVICA ANTENA PARABOLICA AGUADAS,0,0.00000,1.00000
SERVICIOS TECNOLOGICOS ICOMREDES S.A.S,0,0.00000,1.00000
CAM NETWORK SOLUCIONES S.A.S,0,0.00000,1.00000
PEDRO ALBERTO DELGADO REYES E.U.,0,0.00000,1.00000
MEDIATEL TELECOMUNICACIONES SAS,0,0.00000,1.00000
HAR REDES Y COMUNICACIONES S.A.S.,0,0.00000,1.00000
INGEMTEL S.A.S,0,0.00000,1.00000
ASOCIACION ANTENA PARABOLICA AMAGA,0,0.00000,1.00000
GRUPO BELCOM DE COLOMBIA S A S,0,0.00000,1.00000
ARNO PRODUCCIONES S.A.S,0,0.00000,1.00000
RIE SOLUCIONES SAS,0,0.00000,1.00000
IST INGENIERIA Y SOLUCIONES TECNOLOGICAS S.A.S,0,0.00000,1.00000
ENSOTEL S.A.S,0,0.00000,1.00000
INNOVA SOLUCIONES TECNOLOGICAS DE COLOMBIA SAS,0,0.00000,1.00000
AULAS DIGITALES DE COLOMBIA LTDA,0,0.00000,1.00000
INGENIERIA GPON TV S.A.S,0,0.00000,1.00000
CABLE ANTENA LTDA,0,0.00000,1.00000
FASTNET INTERNET PARA TODOS S.A.S,0,0.00000,1.00000
TV INTERR COMUNICACIONES S.A.S.,0,0.00000,1.00000
INTERCONEXIONES & COMUNICACIONES SAS,0,0.00000,1.00000
ADMINISTRADORA DE REDES Y SERVICIOS ADMINRED S.A.S.,0,0.00000,1.00000
INFRACOM INFRAESTRUCTURA EN TELECOMUNICACIONES S.A.S,0,0.00000,1.00000
CYDETEL TELECOMUNICACIONES SAS,0,0.00000,1.00000
SERVIDATA ELECTRONIC SAS,0,0.00000,1.00000
ASOCIACION ANTENA PARABOLICA COMUNITARIA DEL MUNICIPIO DE COCORNA ANTEPACO,0,0.00000,1.00000
ENTRE RED CONECTANDO EXPERIENCIAS S.A.S,0,0.00000,1.00000
JOHN JOTA COMUNICACIONES SAS,0,0.00000,1.00000
COMPLEXCOM LTDA,0,0.00000,1.00000
RED-DOOPLER SAS,0,0.00000,1.00000
WISPER COMUNICACIONES S.A.S.,0,0.00000,1.00000
GLOBAL WEB1 S.A.S,0,0.00000,1.00000
INVERSIONES Y COMUNICACIONES R.M. SAS,0,0.00000,1.00000
YTV COMUNICACIONES S.A.S,0,0.00000,1.00000
SERVICIOS INTEGRALES PERSONALIZADOS SAS,0,0.00000,1.00000
PRODUCTOS INFORMATICOS DE COLOMBIA - PIDECOL S.A.S.,0,0.00000,1.00000
CAFENET COMUNICACIONES S.A. CAFENET S.A.,0,0.00000,1.00000
IMALLI COMUNICACIONES SAS,0,0.00000,1.00000
LA CORPORACION PRO ACODEMA,0,0.00000,1.00000
REDES.COM INTERNET BANDA ANCHA S.A.S,0,0.00000,1.00000
COMUNICACIONES SISTEMATIZADAS DEL META SAS,0,0.00000,1.00000
WIFAO COLOMBIA S.A.S.,0,0.00000,1.00000
CYDETEL,0,0.00000,1.00000
TELECOMUNICACIONES DEL SAN JORGE Y LA MOJANA SAS,0,0.00000,1.00000
TVCABLE EL VERGEL S.A.S.,0,0.00000,1.00000
SERVICIOS Y SOLUCIONES EN TECNOLOGIAS DE LA INFORMACION Y LA COMUNICACION S.A.S,0,0.00000,1.00000
RACOM S.A.S. REDES Y ASESORIAS EN COMUNICACIONES,0,0.00000,1.00000
HIGHTECH INGENIERIA Y TRANSPORTE,0,0.00000,1.00000
TCKOMPU S.A.S.,0,0.00000,1.00000
BYC TECNOLOGIA Y SERVICIOS SAS,0,0.00000,1.00000
CONÉCTATE TELECOMUNICACIONES S.A.S,0,0.00000,1.00000
COLOMBIA NET DE OCCIDENTE S.A.S.,0,0.00000,1.00000
APT TELECOMUNICACIONES,0,0.00000,1.00000
REDES OPERACIONES Y CONTROL S A S,0,0.00000,1.00000
LAN REDES S.A.S,0,0.00000,1.00000
PRODITEL SAS,0,0.00000,1.00000
JASZ COMUNICACIONES TECNOLOGICAS E INTERACTIVAS E U,0,0.00000,1.00000
INTERTEL SATELITAL S.A.S,0,0.00000,1.00000
RED DIGITAL TELECOMUNICACIONES S.A.S.,0,0.00000,1.00000
TELNET DE OCCIDENTE S.A.S. ZOMAC,0,0.00000,1.00000
COOPERATIVA MULTIACTIVA LA CUMBRE,0,0.00000,1.00000
PENTAS NETWORKS SAS,0,0.00000,1.00000
DIUFF.NET TELECOMUNICACIONES SAS,0,0.00000,1.00000
MOVETV S.A.S.,0,0.00000,1.00000
AJFIBER.NET S.A.S.,0,0.00000,1.00000
REMG INGENIERIA SAS,0,0.00000,1.00000
COMSISTELCO S.A.S.,0,0.00000,1.00000
TELARAÑA.NET S.A.S.,0,0.00000,1.00000
WINTV S.A.S,0,0.00000,1.00000
